id,has_sentence,has_consensus,has_cleaning_status,annotation_count,cue_count,matched_rule_count,ambiguity_count
span:AUTH-TAD-0001,1,1,1,3,4,3,5
span:AUTH-TAD-0002,1,1,1,3,3,3,4
span:AUTH-TAD-0003,1,1,1,3,3,3,2
span:AUTH-TAD-0004,1,1,1,3,4,1,6
span:AUTH-TAD-0005,1,1,1,3,4,5,3
span:AUTH-TAD-0006,1,1,1,3,4,2,3
span:AUTH-TAD-0007,1,1,1,3,6,3,5
span:AUTH-TAD-0008,1,1,1,3,4,2,4
span:AUTH-TAD-0009,1,1,1,3,8,5,5
span:AUTH-TAD-0010,1,1,1,3,3,3,2
span:AUTH-TAD-0011,1,1,1,3,3,2,3
span:AUTH-TAD-0012,1,1,1,3,5,2,5
span:AUTH-TAD-0013,1,1,1,3,3,3,3
span:AUTH-TAD-0014,1,1,1,3,3,2,3
span:AUTH-TAD-0015,1,1,1,3,5,5,2
span:AUTH-TAD-0016,1,1,1,3,1,1,3
span:AUTH-TAD-0017,1,1,1,3,3,3,3
span:AUTH-TAD-0018,1,1,1,3,3,3,2
span:AUTH-TAD-0019,1,1,1,3,3,3,2
span:AUTH-TAD-0020,1,1,1,3,5,2,7
span:AUTH-TAD-0021,1,1,1,3,2,1,3
span:AUTH-TAD-0022,1,1,1,3,6,2,2
span:AUTH-TAD-0023,1,1,1,3,4,3,3
span:AUTH-TAD-0024,1,1,1,3,4,5,3
span:AUTH-TAD-0025,1,1,1,3,4,5,3
span:AUTH-TAD-0026,1,1,1,3,3,3,2
span:AUTH-TAD-0027,1,1,1,3,4,4,5
span:AUTH-TAD-0028,1,1,1,3,4,3,3
span:AUTH-TAD-0029,1,1,1,3,4,5,3
span:AUTH-TAD-0030,1,1,1,3,4,5,3
span:AUTH-TAD-0031,1,1,1,3,7,5,5
span:AUTH-TAD-0032,1,1,1,3,5,1,3
span:AUTH-TAD-0033,1,1,1,3,3,2,2
span:AUTH-TAD-0034,1,1,1,3,6,5,2
span:AUTH-TAD-0035,1,1,1,3,4,5,3
span:AUTH-TAD-0036,1,1,1,3,4,3,2
span:AUTH-TAD-0037,1,1,1,3,5,3,2
span:AUTH-TAD-0038,1,1,1,3,2,2,5
span:AUTH-TAD-0039,1,1,1,3,5,5,6
span:AUTH-TAD-0040,1,1,1,3,5,3,2
span:AUTH-TAD-0041,1,1,1,3,3,0,4
span:AUTH-TAD-0042,1,1,1,3,4,5,3
span:AUTH-TAD-0043,1,1,1,3,6,4,3
span:AUTH-TAD-0044,1,1,1,3,6,5,5
span:AUTH-TAD-0045,1,1,1,3,7,5,5
span:AUTH-TAD-0046,1,1,1,3,4,1,7
span:AUTH-TAD-0047,1,1,1,3,3,3,3
span:AUTH-TAD-0048,1,1,1,3,1,1,3
span:AUTH-TAD-0049,1,1,1,3,3,2,2
span:AUTH-TAD-0050,1,1,1,3,4,5,3
span:AUTH-TAD-0051,1,1,1,3,4,3,2
span:AUTH-TAD-0052,1,1,1,3,5,5,2
span:AUTH-TAD-0053,1,1,1,3,3,3,3
span:AUTH-TAD-0054,1,1,1,3,7,4,6
span:AUTH-TAD-0055,1,1,1,3,4,3,2
span:AUTH-TAD-0056,1,1,1,3,3,3,2
span:AUTH-TAD-0057,1,1,1,3,6,5,2
span:AUTH-TAD-0058,1,1,1,3,5,3,3
span:AUTH-TAD-0059,1,1,1,3,4,5,5
span:AUTH-TAD-0060,1,1,1,3,4,5,3
span:AUTH-TAD-0061,1,1,1,3,1,0,5
span:AUTH-TAD-0062,1,1,1,3,1,1,2
span:AUTH-TAD-0063,1,1,1,3,4,2,3
span:AUTH-TAD-0064,1,1,1,3,3,2,6
span:AUTH-TAD-0065,1,1,1,3,2,2,3
span:AUTH-TAD-0066,1,1,1,3,7,5,7
span:AUTH-TAD-0067,1,1,1,3,1,1,3
span:AUTH-TAD-0068,1,1,1,3,4,1,6
span:AUTH-TAD-0069,1,1,1,3,1,1,2
span:AUTH-TAD-0070,1,1,1,3,2,2,3
span:AUTH-TAD-0071,1,1,1,3,4,0,3
span:AUTH-TAD-0072,1,1,1,3,1,1,3
span:AUTH-TAD-0073,1,1,1,3,3,3,2
span:AUTH-TAD-0074,1,1,1,3,4,3,3
span:AUTH-TAD-0075,1,1,1,3,5,4,3
span:AUTH-TAD-0076,1,1,1,3,2,1,7
span:AUTH-TAD-0077,1,1,1,3,5,3,3
span:AUTH-TAD-0078,1,1,1,3,4,4,3
span:AUTH-TAD-0079,1,1,1,3,2,1,4
span:AUTH-TAD-0080,1,1,1,3,2,2,3
span:AUTH-TAD-0081,1,1,1,3,5,3,7
span:AUTH-TAD-0082,1,1,1,3,6,5,2
span:AUTH-TAD-0083,1,1,1,3,3,3,2
span:AUTH-TAD-0084,1,1,1,3,5,5,2
span:AUTH-TAD-0085,1,1,1,3,3,3,2
span:AUTH-TAD-0086,1,1,1,3,4,1,6
span:AUTH-TAD-0087,1,1,1,3,6,5,3
span:AUTH-TAD-0088,1,1,1,3,3,0,4
span:AUTH-TAD-0089,1,1,1,3,5,4,5
span:AUTH-TAD-0090,1,1,1,3,6,5,2
span:AUTH-TAD-0091,1,1,1,3,4,1,7
span:AUTH-TAD-0092,1,1,1,3,5,4,8
span:AUTH-TAD-0093,1,1,1,3,3,3,2
span:AUTH-TAD-0094,1,1,1,3,5,1,7
span:AUTH-TAD-0095,1,1,1,3,3,2,2
span:AUTH-TAD-0096,1,1,1,3,5,3,5
span:AUTH-TAD-0097,1,1,1,3,6,5,4
span:AUTH-TAD-0098,1,1,1,3,6,5,2
span:AUTH-TAD-0099,1,1,1,3,4,3,2
span:AUTH-TAD-0100,1,1,1,3,6,4,3
span:AUTH-TAD-0101,1,1,1,3,5,5,2
span:AUTH-TAD-0102,1,1,1,3,5,1,3
span:AUTH-TAD-0103,1,1,1,3,5,3,3
span:AUTH-TAD-0104,1,1,1,3,6,5,6
span:AUTH-TAD-0105,1,1,1,3,6,5,5
span:AUTH-TAD-0106,1,1,1,3,4,1,5
span:AUTH-TAD-0107,1,1,1,3,9,5,4
span:AUTH-TAD-0108,1,1,1,3,4,5,3
span:AUTH-TAD-0109,1,1,1,3,4,5,3
span:AUTH-TAD-0110,1,1,1,3,3,3,2
span:AUTH-TAD-0111,1,1,1,3,3,0,3
span:AUTH-TAD-0112,1,1,1,3,5,2,7
span:AUTH-TAD-0113,1,1,1,3,4,2,3
span:AUTH-TAD-0114,1,1,1,3,5,2,7
span:AUTH-TAD-0115,1,1,1,3,4,1,4
span:AUTH-TAD-0116,1,1,1,3,6,4,3
span:AUTH-TAD-0117,1,1,1,3,4,4,5
span:AUTH-TAD-0118,1,1,1,3,4,2,5
span:AUTH-TAD-0119,1,1,1,3,5,3,3
span:AUTH-TAD-0120,1,1,1,3,6,5,6
span:AUTH-TAD-0121,1,1,1,3,7,5,2
span:AUTH-TAD-0122,1,1,1,3,5,2,7
span:AUTH-TAD-0123,1,1,1,3,5,4,6
span:AUTH-TAD-0124,1,1,1,3,1,1,2
span:AUTH-TAD-0125,1,1,1,3,4,3,2
span:AUTH-TAD-0126,1,1,1,3,3,2,3
span:AUTH-TAD-0127,1,1,1,3,3,2,3
span:AUTH-TAD-0128,1,1,1,3,5,5,2
span:AUTH-TAD-0129,1,1,1,3,6,4,5
span:AUTH-TAD-0130,1,1,1,3,4,3,2
span:AUTH-TAD-0131,1,1,1,3,4,4,7
span:AUTH-TAD-0132,1,1,1,3,3,3,2
span:AUTH-TAD-0133,1,1,1,3,5,4,5
span:AUTH-TAD-0134,1,1,1,3,3,1,3
span:AUTH-TAD-0135,1,1,1,3,2,0,4
span:AUTH-TAD-0136,1,1,1,3,3,2,3
span:AUTH-TAD-0137,1,1,1,3,6,5,6
span:AUTH-TAD-0138,1,1,1,3,5,4,2
span:AUTH-TAD-0139,1,1,1,3,4,4,6
span:AUTH-TAD-0140,1,1,1,3,3,1,4
span:AUTH-TAD-0141,1,1,1,3,4,4,4
span:AUTH-TAD-0142,1,1,1,3,8,5,3
span:AUTH-TAD-0143,1,1,1,3,5,5,3
span:AUTH-TAD-0144,1,1,1,3,7,5,6
span:AUTH-TAD-0145,1,1,1,3,3,0,4
span:AUTH-TAD-0146,1,1,1,3,4,4,3
span:AUTH-TAD-0147,1,1,1,3,5,5,2
span:AUTH-TAD-0148,1,1,1,3,6,5,2
span:AUTH-TAD-0149,1,1,1,3,5,5,3
span:AUTH-TAD-0150,1,1,1,3,4,0,5
span:AUTH-TAD-0151,1,1,1,3,5,5,4
span:AUTH-TAD-0152,1,1,1,3,3,3,2
span:AUTH-TAD-0153,1,1,1,3,5,1,3
span:AUTH-TAD-0154,1,1,1,3,4,2,3
span:AUTH-TAD-0155,1,1,1,3,8,5,5
span:AUTH-TAD-0156,1,1,1,3,3,3,2
span:AUTH-TAD-0157,1,1,1,3,5,2,6
span:AUTH-TAD-0158,1,1,1,3,3,2,2
span:AUTH-TAD-0159,1,1,1,3,4,5,3
span:AUTH-TAD-0160,1,1,1,3,3,3,5
span:AUTH-TAD-0161,1,1,1,3,4,3,6
span:AUTH-TAD-0162,1,1,1,3,5,4,3
span:AUTH-TAD-0163,1,1,1,3,4,2,4
span:AUTH-TAD-0164,1,1,1,3,4,5,3
span:AUTH-TAD-0165,1,1,1,3,6,5,3
span:AUTH-TAD-0166,1,1,1,3,6,5,4
span:AUTH-TAD-0167,1,1,1,3,3,2,2
span:AUTH-TAD-0168,1,1,1,3,4,4,3
span:AUTH-TAD-0169,1,1,1,3,4,3,2
span:AUTH-TAD-0170,1,1,1,3,4,5,3
span:AUTH-TAD-0171,1,1,1,3,5,5,7
span:AUTH-TAD-0172,1,1,1,3,5,5,2
span:AUTH-TAD-0173,1,1,1,3,4,3,2
span:AUTH-TAD-0174,1,1,1,3,4,4,3
span:AUTH-TAD-0175,1,1,1,3,5,3,3
span:AUTH-TAD-0176,1,1,1,3,3,3,3
span:AUTH-TAD-0177,1,1,1,3,4,3,2
span:AUTH-TAD-0178,1,1,1,3,3,3,4
span:AUTH-TAD-0179,1,1,1,3,6,5,2
span:AUTH-TAD-0180,1,1,1,3,1,1,2
span:AUTH-TAD-0181,1,1,1,3,7,5,6
span:AUTH-TAD-0182,1,1,1,3,3,2,2
span:AUTH-TAD-0183,1,1,1,3,8,5,2
span:AUTH-TAD-0184,1,1,1,3,3,3,2
span:AUTH-TAD-0185,1,1,1,3,5,3,6
span:AUTH-TAD-0186,1,1,1,3,9,3,6
span:AUTH-TAD-0187,1,1,1,3,5,4,2
span:AUTH-TAD-0188,1,1,1,3,6,5,6
span:AUTH-TAD-0189,1,1,1,3,4,3,2
span:AUTH-TAD-0190,1,1,1,3,3,3,2
span:AUTH-TAD-0191,1,1,1,3,3,3,4
span:AUTH-TAD-0192,1,1,1,3,3,2,2
span:AUTH-TAD-0193,1,1,1,3,4,3,2
span:AUTH-TAD-0194,1,1,1,3,6,3,5
span:AUTH-TAD-0195,1,1,1,3,3,3,4
span:AUTH-TAD-0196,1,1,1,3,5,5,3
span:AUTH-TAD-0197,1,1,1,3,3,2,3
span:AUTH-TAD-0198,1,1,1,3,6,5,2
span:AUTH-TAD-0199,1,1,1,3,4,1,4
span:AUTH-TAD-0200,1,1,1,3,3,3,3
span:AUTH-TAD-0201,1,1,1,3,4,3,2
span:AUTH-TAD-0202,1,1,1,3,3,2,3
span:AUTH-TAD-0203,1,1,1,3,2,2,3
span:AUTH-TAD-0204,1,1,1,3,4,4,5
span:AUTH-TAD-0205,1,1,1,3,1,1,3
span:AUTH-TAD-0206,1,1,1,3,6,5,3
span:AUTH-TAD-0207,1,1,1,3,4,4,5
span:AUTH-TAD-0208,1,1,1,3,3,3,2
span:AUTH-TAD-0209,1,1,1,3,3,2,3
span:AUTH-TAD-0210,1,1,1,3,3,2,3
span:AUTH-TAD-0211,1,1,1,3,5,4,5
span:AUTH-TAD-0212,1,1,1,3,5,1,3
span:AUTH-TAD-0213,1,1,1,3,5,1,5
span:AUTH-TAD-0214,1,1,1,3,4,3,3
span:AUTH-TAD-0215,1,1,1,3,6,5,2
span:AUTH-TAD-0216,1,1,1,3,4,3,2
span:AUTH-TAD-0217,1,1,1,3,4,5,3
span:AUTH-TAD-0218,1,1,1,3,6,5,7
span:AUTH-TAD-0219,1,1,1,3,5,1,3
span:AUTH-TAD-0220,1,1,1,3,4,1,6
span:AUTH-TAD-0221,1,1,1,3,8,5,3
span:AUTH-TAD-0222,1,1,1,3,3,1,3
span:AUTH-TAD-0223,1,1,1,3,3,3,2
span:AUTH-TAD-0224,1,1,1,3,3,3,2
span:AUTH-TAD-0225,1,1,1,3,7,3,4
span:AUTH-TAD-0226,1,1,1,3,1,1,3
span:AUTH-TAD-0227,1,1,1,3,3,3,3
span:AUTH-TAD-0228,1,1,1,3,4,1,5
span:AUTH-TAD-0229,1,1,1,3,3,2,2
span:AUTH-TAD-0230,1,1,1,3,3,1,7
span:AUTH-TAD-0231,1,1,1,3,3,3,2
span:AUTH-TAD-0232,1,1,1,3,4,5,3
span:AUTH-TAD-0233,1,1,1,3,5,5,3
span:AUTH-TAD-0234,1,1,1,3,4,3,2
span:AUTH-TAD-0235,1,1,1,3,3,3,2
span:AUTH-TAD-0236,1,1,1,3,3,0,3
span:AUTH-TAD-0237,1,1,1,3,4,2,2
span:AUTH-TAD-0238,1,1,1,3,5,5,3
span:AUTH-TAD-0239,1,1,1,3,3,3,6
span:AUTH-TAD-0240,1,1,1,3,5,5,3
span:AUTH-TAD-0241,1,1,1,3,5,5,6
span:AUTH-TAD-0242,1,1,1,3,7,3,4
span:AUTH-TAD-0243,1,1,1,3,5,5,3
span:AUTH-TAD-0244,1,1,1,3,4,3,2
span:AUTH-TAD-0245,1,1,1,3,3,2,6
span:AUTH-TAD-0246,1,1,1,3,5,4,6
span:AUTH-TAD-0247,1,1,1,3,5,5,2
span:AUTH-TAD-0248,1,1,1,3,2,0,3
span:AUTH-TAD-0249,1,1,1,3,2,2,3
span:AUTH-TAD-0250,1,1,1,3,3,3,4
span:AUTH-TAD-0251,1,1,1,3,4,5,5
span:AUTH-TAD-0252,1,1,1,3,8,5,4
span:AUTH-TAD-0253,1,1,1,3,3,3,3
span:AUTH-TAD-0254,1,1,1,3,4,4,3
span:AUTH-TAD-0255,1,1,1,3,3,2,3
span:AUTH-TAD-0256,1,1,1,3,4,3,2
span:AUTH-TAD-0257,1,1,1,3,5,3,3
span:AUTH-TAD-0258,1,1,1,3,4,4,3
span:AUTH-TAD-0259,1,1,1,3,4,4,5
span:AUTH-TAD-0260,1,1,1,3,3,1,3
span:AUTH-TAD-0261,1,1,1,3,4,3,4
span:AUTH-TAD-0262,1,1,1,3,3,3,2
span:AUTH-TAD-0263,1,1,1,3,4,3,2
span:AUTH-TAD-0264,1,1,1,3,3,3,2
span:AUTH-TAD-0265,1,1,1,3,4,1,2
span:AUTH-TAD-0266,1,1,1,3,4,3,3
span:AUTH-TAD-0267,1,1,1,3,3,2,3
span:AUTH-TAD-0268,1,1,1,3,4,1,5
span:AUTH-TAD-0269,1,1,1,3,3,3,2
span:AUTH-TAD-0270,1,1,1,3,4,4,3
span:AUTH-TAD-0271,1,1,1,3,3,3,3
span:AUTH-TAD-0272,1,1,1,3,5,5,2
span:AUTH-TAD-0273,1,1,1,3,4,1,7
span:AUTH-TAD-0274,1,1,1,3,3,2,2
span:AUTH-TAD-0275,1,1,1,3,4,4,4
span:AUTH-TAD-0276,1,1,1,3,4,3,2
span:AUTH-TAD-0277,1,1,1,3,5,5,3
span:AUTH-TAD-0278,1,1,1,3,6,4,7
span:AUTH-TAD-0279,1,1,1,3,5,5,4
span:AUTH-TAD-0280,1,1,1,3,8,5,5
span:AUTH-TAD-0281,1,1,1,3,6,2,7
span:AUTH-TAD-0282,1,1,1,3,4,4,5
span:AUTH-TAD-0283,1,1,1,3,4,4,6
span:AUTH-TAD-0284,1,1,1,3,4,3,2
span:AUTH-TAD-0285,1,1,1,3,3,2,2
span:AUTH-TAD-0286,1,1,1,3,4,1,2
span:AUTH-TAD-0287,1,1,1,3,4,1,6
span:AUTH-TAD-0288,1,1,1,3,5,5,5
span:AUTH-TAD-0289,1,1,1,3,4,1,6
span:AUTH-TAD-0290,1,1,1,3,5,3,2
span:AUTH-TAD-0291,1,1,1,3,4,3,2
span:AUTH-TAD-0292,1,1,1,3,4,4,3
span:AUTH-TAD-0293,1,1,1,3,4,3,2
span:AUTH-TAD-0294,1,1,1,3,10,5,3
span:AUTH-TAD-0295,1,1,1,3,4,5,3
span:AUTH-TAD-0296,1,1,1,3,4,4,3
span:AUTH-TAD-0297,1,1,1,3,4,2,3
span:AUTH-TAD-0298,1,1,1,3,5,5,2
span:AUTH-TAD-0299,1,1,1,3,4,4,4
span:AUTH-TAD-0300,1,1,1,3,6,5,2
span:AUTH-TAD-0301,1,1,1,3,5,5,3
span:AUTH-TAD-0302,1,1,1,3,4,1,6
span:AUTH-TAD-0303,1,1,1,3,5,5,2
span:AUTH-TAD-0304,1,1,1,3,3,3,2
span:AUTH-TAD-0305,1,1,1,3,1,1,2
span:AUTH-TAD-0306,1,1,1,3,3,3,2
span:AUTH-TAD-0307,1,1,1,3,4,2,3
span:AUTH-TAD-0308,1,1,1,3,3,3,2
span:AUTH-TAD-0309,1,1,1,3,4,3,2
span:AUTH-TAD-0310,1,1,1,3,5,4,3
span:AUTH-TAD-0311,1,1,1,3,5,5,3
span:AUTH-TAD-0312,1,1,1,3,3,3,3
span:AUTH-TAD-0313,1,1,1,3,3,3,3
span:AUTH-TAD-0314,1,1,1,3,6,1,3
span:AUTH-TAD-0315,1,1,1,3,2,0,3
span:AUTH-TAD-0316,1,1,1,3,3,3,2
span:AUTH-TAD-0317,1,1,1,3,5,4,3
span:AUTH-TAD-0318,1,1,1,3,3,0,5
span:AUTH-TAD-0319,1,1,1,3,3,3,2
span:AUTH-TAD-0320,1,1,1,3,5,1,3
span:AUTH-TAD-0321,1,1,1,3,3,1,2
span:AUTH-TAD-0322,1,1,1,3,5,5,4
span:AUTH-TAD-0323,1,1,1,3,4,2,3
span:AUTH-TAD-0324,1,1,1,3,8,5,3
span:AUTH-TAD-0325,1,1,1,3,6,5,3
span:AUTH-TAD-0326,1,1,1,3,3,2,3
span:AUTH-TAD-0327,1,1,1,3,1,1,4
span:AUTH-TAD-0328,1,1,1,3,4,3,7
span:AUTH-TAD-0329,1,1,1,3,4,1,7
span:AUTH-TAD-0330,1,1,1,3,6,2,7
span:AUTH-TAD-0331,1,1,1,3,5,5,2
span:AUTH-TAD-0332,1,1,1,3,3,1,6
span:AUTH-TAD-0333,1,1,1,3,3,3,2
span:AUTH-TAD-0334,1,1,1,3,4,4,3
span:AUTH-TAD-0335,1,1,1,3,3,2,3
span:AUTH-TAD-0336,1,1,1,3,4,2,3
span:AUTH-TAD-0337,1,1,1,3,3,3,3
span:AUTH-TAD-0338,1,1,1,3,3,1,2
span:AUTH-TAD-0339,1,1,1,3,8,5,2
span:AUTH-TAD-0340,1,1,1,3,6,3,4
span:AUTH-TAD-0341,1,1,1,3,4,3,3
span:AUTH-TAD-0342,1,1,1,3,4,1,4
span:AUTH-TAD-0343,1,1,1,3,3,2,6
span:AUTH-TAD-0344,1,1,1,3,4,2,3
span:AUTH-TAD-0345,1,1,1,3,4,3,2
span:AUTH-TAD-0346,1,1,1,3,3,2,2
span:AUTH-TAD-0347,1,1,1,3,4,1,5
span:AUTH-TAD-0348,1,1,1,3,5,3,3
span:AUTH-TAD-0349,1,1,1,3,3,3,2
span:AUTH-TAD-0350,1,1,1,3,5,3,3
span:AUTH-TAD-0351,1,1,1,3,6,5,5
span:AUTH-TAD-0352,1,1,1,3,3,1,2
span:AUTH-TAD-0353,1,1,1,3,6,4,6
span:AUTH-TAD-0354,1,1,1,3,4,4,3
span:AUTH-TAD-0355,1,1,1,3,6,3,3
span:AUTH-TAD-0356,1,1,1,3,5,5,2
span:AUTH-TAD-0357,1,1,1,3,4,3,3
span:AUTH-TAD-0358,1,1,1,3,8,5,4
span:AUTH-TAD-0359,1,1,1,3,4,1,6
span:AUTH-TAD-0360,1,1,1,3,3,0,4
span:AUTH-TAD-0361,1,1,1,3,4,2,3
span:AUTH-TAD-0362,1,1,1,3,3,0,4
span:AUTH-TAD-0363,1,1,1,3,3,3,2
span:AUTH-TAD-0364,1,1,1,3,4,2,3
span:AUTH-TAD-0365,1,1,1,3,3,3,2
span:AUTH-TAD-0366,1,1,1,3,3,2,2
span:AUTH-TAD-0367,1,1,1,3,4,4,2
span:AUTH-TAD-0368,1,1,1,3,6,2,3
span:AUTH-TAD-0369,1,1,1,3,3,3,2
span:AUTH-TAD-0370,1,1,1,3,3,2,3
span:AUTH-TAD-0371,1,1,1,3,3,2,2
span:AUTH-TAD-0372,1,1,1,3,5,3,3
span:AUTH-TAD-0373,1,1,1,3,5,5,3
span:AUTH-TAD-0374,1,1,1,3,5,3,3
span:AUTH-TAD-0375,1,1,1,3,4,2,3
span:AUTH-TAD-0376,1,1,1,3,3,0,4
span:AUTH-TAD-0377,1,1,1,3,3,1,2
span:AUTH-TAD-0378,1,1,1,3,5,5,2
span:AUTH-TAD-0379,1,1,1,3,1,0,3
span:AUTH-TAD-0380,1,1,1,3,5,5,4
span:AUTH-TAD-0381,1,1,1,3,1,1,3
span:AUTH-TAD-0382,1,1,1,3,6,3,3
span:AUTH-TAD-0383,1,1,1,3,3,2,5
span:AUTH-TAD-0384,1,1,1,3,3,3,2
span:AUTH-TAD-0385,1,1,1,3,3,3,2
span:AUTH-TAD-0386,1,1,1,3,3,3,2
span:AUTH-TAD-0387,1,1,1,3,4,5,3
span:AUTH-TAD-0388,1,1,1,3,1,0,3
span:AUTH-TAD-0389,1,1,1,3,5,5,4
span:AUTH-TAD-0390,1,1,1,3,6,5,2
span:AUTH-TAD-0391,1,1,1,3,3,2,4
span:AUTH-TAD-0392,1,1,1,3,4,4,3
span:AUTH-TAD-0393,1,1,1,3,5,4,2
span:AUTH-TAD-0394,1,1,1,3,4,3,3
span:AUTH-TAD-0395,1,1,1,3,4,0,3
span:AUTH-TAD-0396,1,1,1,3,4,4,3
span:AUTH-TAD-0397,1,1,1,3,3,2,2
span:AUTH-TAD-0398,1,1,1,3,4,1,6
span:AUTH-TAD-0399,1,1,1,3,3,1,7
span:AUTH-TAD-0400,1,1,1,3,4,5,3
span:AUTH-TAD-0401,1,1,1,3,4,2,3
span:AUTH-TAD-0402,1,1,1,3,3,3,2
span:AUTH-TAD-0403,1,1,1,3,2,1,6
span:AUTH-TAD-0404,1,1,1,3,3,2,2
span:AUTH-TAD-0405,1,1,1,3,4,3,2
span:AUTH-TAD-0406,1,1,1,3,6,2,6
span:AUTH-TAD-0407,1,1,1,3,3,3,2
span:AUTH-TAD-0408,1,1,1,3,5,4,5
span:AUTH-TAD-0409,1,1,1,3,5,3,3
span:AUTH-TAD-0410,1,1,1,3,5,5,2
span:AUTH-TAD-0411,1,1,1,3,3,3,2
span:AUTH-TAD-0412,1,1,1,3,4,3,2
span:AUTH-TAD-0413,1,1,1,3,4,4,5
span:AUTH-TAD-0414,1,1,1,3,4,4,6
span:AUTH-TAD-0415,1,1,1,3,4,3,3
span:AUTH-TAD-0416,1,1,1,3,3,3,3
span:AUTH-TAD-0417,1,1,1,3,4,2,3
span:AUTH-TAD-0418,1,1,1,3,4,3,3
span:AUTH-TAD-0419,1,1,1,3,3,3,5
span:AUTH-TAD-0420,1,1,1,3,6,2,4
span:AUTH-TAD-0421,1,1,1,3,5,1,3
span:AUTH-TAD-0422,1,1,1,3,1,0,4
span:AUTH-TAD-0423,1,1,1,3,3,0,3
span:AUTH-TAD-0424,1,1,1,3,4,3,2
span:AUTH-TAD-0425,1,1,1,3,1,1,3
span:AUTH-TAD-0426,1,1,1,3,4,3,2
span:AUTH-TAD-0427,1,1,1,3,4,3,3
span:AUTH-TAD-0428,1,1,1,3,3,3,2
span:AUTH-TAD-0429,1,1,1,3,3,3,2
span:AUTH-TAD-0430,1,1,1,3,3,3,2
span:AUTH-TAD-0431,1,1,1,3,5,5,2
span:AUTH-TAD-0432,1,1,1,3,6,5,6
span:AUTH-TAD-0433,1,1,1,3,3,2,4
span:AUTH-TAD-0434,1,1,1,3,5,0,3
span:AUTH-TAD-0435,1,1,1,3,5,5,2
span:AUTH-TAD-0436,1,1,1,3,6,3,5
span:AUTH-TAD-0437,1,1,1,3,3,3,2
span:AUTH-TAD-0438,1,1,1,3,5,4,2
span:AUTH-TAD-0439,1,1,1,3,4,4,5
span:AUTH-TAD-0440,1,1,1,3,4,2,3
span:AUTH-TAD-0441,1,1,1,3,5,5,3
span:AUTH-TAD-0442,1,1,1,3,3,3,2
span:AUTH-TAD-0443,1,1,1,3,4,3,2
span:AUTH-TAD-0444,1,1,1,3,3,3,2
span:AUTH-TAD-0445,1,1,1,3,5,5,3
span:AUTH-TAD-0446,1,1,1,3,7,5,3
span:AUTH-TAD-0447,1,1,1,3,6,5,7
span:AUTH-TAD-0448,1,1,1,3,4,4,3
span:AUTH-TAD-0449,1,1,1,3,4,3,2
span:AUTH-TAD-0450,1,1,1,3,4,3,3
span:AUTH-TAD-0451,1,1,1,3,4,2,3
span:AUTH-TAD-0452,1,1,1,3,6,4,4
span:AUTH-TAD-0453,1,1,1,3,4,3,3
span:AUTH-TAD-0454,1,1,1,3,4,4,3
span:AUTH-TAD-0455,1,1,1,3,4,4,5
span:AUTH-TAD-0456,1,1,1,3,1,1,2
span:AUTH-TAD-0457,1,1,1,3,4,3,2
span:AUTH-TAD-0458,1,1,1,3,5,5,2
span:AUTH-TAD-0459,1,1,1,3,3,3,2
span:AUTH-TAD-0460,1,1,1,3,3,3,2
span:AUTH-TAD-0461,1,1,1,3,3,3,2
span:AUTH-TAD-0462,1,1,1,3,4,5,3
span:AUTH-TAD-0463,1,1,1,3,4,2,7
span:AUTH-TAD-0464,1,1,1,3,4,4,6
span:AUTH-TAD-0465,1,1,1,3,5,5,2
span:AUTH-TAD-0466,1,1,1,3,6,4,8
span:AUTH-TAD-0467,1,1,1,3,4,5,3
span:AUTH-TAD-0468,1,1,1,3,3,3,2
span:AUTH-TAD-0469,1,1,1,3,4,2,4
span:AUTH-TAD-0470,1,1,1,3,4,5,2
span:AUTH-TAD-0471,1,1,1,3,3,2,3
span:AUTH-TAD-0472,1,1,1,3,5,4,4
span:AUTH-TAD-0473,1,1,1,3,8,5,2
span:AUTH-TAD-0474,1,1,1,3,6,5,2
span:AUTH-TAD-0475,1,1,1,3,7,5,3
span:AUTH-TAD-0476,1,1,1,3,5,3,3
span:AUTH-TAD-0477,1,1,1,3,3,2,3
span:AUTH-TAD-0478,1,1,1,3,3,1,4
span:AUTH-TAD-0479,1,1,1,3,3,2,3
span:AUTH-TAD-0480,1,1,1,3,3,3,2
span:AUTH-TAD-0481,1,1,1,3,5,4,6
span:AUTH-TAD-0482,1,1,1,3,4,2,3
span:AUTH-TAD-0483,1,1,1,3,3,2,3
span:AUTH-TAD-0484,1,1,1,3,4,5,3
span:AUTH-TAD-0485,1,1,1,3,3,2,3
span:AUTH-TAD-0486,1,1,1,3,3,0,4
span:AUTH-TAD-0487,1,1,1,3,4,4,3
span:AUTH-TAD-0488,1,1,1,3,4,3,3
span:AUTH-TAD-0489,1,1,1,3,5,5,2
span:AUTH-TAD-0490,1,1,1,3,4,2,2
span:AUTH-TAD-0491,1,1,1,3,4,4,3
span:AUTH-TAD-0492,1,1,1,3,4,4,3
span:AUTH-TAD-0493,1,1,1,3,3,2,3
span:AUTH-TAD-0494,1,1,1,3,5,3,3
span:AUTH-TAD-0495,1,1,1,3,4,4,3
span:AUTH-TAD-0496,1,1,1,3,3,2,3
span:AUTH-TAD-0497,1,1,1,3,3,3,2
span:AUTH-TAD-0498,1,1,1,3,3,3,2
span:AUTH-TAD-0499,1,1,1,3,3,3,2
span:AUTH-TAD-0500,1,1,1,3,3,3,2
