source_id,citation,source_type,authority_level,grammar_scope,kg_use,verification_status,url_or_identifier,notes
MOE_2021_STANDARD,Ministry of Education and State Language Commission. 2021. Chinese Proficiency Grading Standards for International Chinese Language Education.,official_standard,high,international Chinese education proficiency standard; grammar grading; sentence components,Defines the educational framing and justifies using grammatical-function categories in an international Chinese education setting,official_pdf_found,https://www.moe.gov.cn/jyb_sjzl/ziliao/A19/202111/W020211118507389477190.pdf,Use as the top-level educational authority; exact grammar-entry pages should be checked against the PDF or printed version before submission.
GRAMMAR_MANUAL_ELEMENTARY,Center for Language Education and Cooperation. Grammar Learning Manual Elementary for Chinese Proficiency Grading Standards for International Chinese Language Education.,official_teaching_manual,high,elementary grammar items including attributive adverbial complement and basic sentence components,Supports teaching-oriented labels such as adverbial attributive complement subject predicate and object,page_check_required,ISBN or official manual edition to verify,Use for rules involving basic sentence components and beginner-level examples.
GRAMMAR_MANUAL_INTERMEDIATE,Center for Language Education and Cooperation. Grammar Learning Manual Intermediate for Chinese Proficiency Grading Standards for International Chinese Language Education.,official_teaching_manual,high,intermediate grammar items including complements temporal adverbs frequency adverbs and complex frames,Supports time adverbs frequency expressions temporal frames and duration complements,page_check_required,ISBN or official manual edition to verify,Use for time adverb and complement rules.
LU_1999_800_WORDS,"Lu Shuxiang, ed. 1999. Xiandai Hanyu Babai Ci. Beijing: The Commercial Press.",reference_grammar,high,function-word and high-frequency word usage including temporal adverbs prepositions and particles,Supports lexical-cue interpretation for words such as zai cong dao yiqian yihou yizhi cengjing yijing,print_page_check_required,Commercial Press edition,Use for lexicalized cue rules; do not cite page numbers until checked in the physical/electronic book.
HUANG_LIAO_MODERN_CHINESE,"Huang Borong and Liao Xudong, eds. Xiandai Hanyu. Beijing: Higher Education Press.",reference_grammar,high,modern Chinese sentence components including subject object attributive adverbial complement,Supports the syntactic-function distinction among adverbial attributive complement subject and object,print_page_check_required,Higher Education Press edition,Use for general syntactic-function definitions.
LIU_PAN_GU_PRACTICAL_GRAMMAR,"Liu Yuehua, Pan Wenyu, and Gu Wei. Shiyong Xiandai Hanyu Yufa. Beijing: The Commercial Press.",reference_grammar,high,practical modern Chinese grammar with detailed treatment of temporal expressions and complements,Supports boundary rules for time nouns temporal adverbials duration complements and post-verbal time expressions,print_page_check_required,Commercial Press edition,Strong source for marginal cases; verify pages before journal submission.
HSK4_GRAMMAR_SYLLABUS,HSK Level 4 grammar syllabus table. Sentence components: duration complement.,exam_syllabus,medium,HSK grammar point explanation for duration complements,Supports the teaching distinction that post-verbal duration phrases express action duration,public_pdf_found,https://centrodeestudioschinos.com/wp-content/uploads/2023/06/HSK-4-%E8%AF%AD%E6%B3%95.pdf,Supplementary not primary authority; useful for teacher-facing explanation.
ZHANG_2000_ADVERBS,Zhang Yisheng. 2000. Studies on Modern Chinese Adverbs and related lexical categories.,scholarly_reference,medium,temporal adverbs and boundary between temporal nouns and adverbs,Supports temporal-adverb cue grouping and ambiguous temporal nouns,secondary_web_record_found,https://www.xuexi.cn/lgpage/detail/index.html?id=3705221348303422015,Use cautiously as support for lexical category boundary rather than final teaching authority.
PROJECT_ANNOTATION_GUIDE,Project annotation guideline for Chinese temporal-expression syntactic-function diagnosis.,project_guideline,internal,boundary cases span completeness conflict handling and human review rules,Supports uncertainty human-review and span-boundary rules,internal,project maintained,Internal source only; not a substitute for external authority.
