sid,sentence,candidate_id,span_text,start_char,end_char,function,predicate,quality_tier,evaluation_status,paper_position
SENT-0001,X经常是形容词，也可以是动词性成分。,AUTH-TAD-0079,经常,1,3,TEMPORAL_ADVERBIAL,,B_边界复核集,纳入477条一致评测集,边界集/鲁棒性分析
SENT-0002,一眼看过去，周围尽是大山。,AUTH-TAD-0342,过去,3,5,OTHER,,C_暂不纳入主实验,纳入477条一致评测集,错误分析/待复核
SENT-0003,万一计划有变化，请你马上告诉我。,AUTH-TAD-0222,马上,10,12,TEMPORAL_ADVERBIAL,,B_边界复核集,纳入477条一致评测集,边界集/鲁棒性分析
SENT-0004,丈夫：今天发工资，我们要买就买个够。,AUTH-TAD-0480,今天,3,5,TEMPORAL_ADVERBIAL,,A_主评测候选,纳入477条一致评测集,主实验/严格评测
SENT-0005,丈夫：已经约好了。,AUTH-TAD-0233,已经,3,5,TEMPORAL_ADVERBIAL,,B_边界复核集,纳入477条一致评测集,边界集/鲁棒性分析
SENT-0006,上午来办公室的那个人莫非是咱们老板的夫人?,AUTH-TAD-0438,上午,0,2,TEMPORAL_ADVERBIAL,,A_主评测候选,纳入477条一致评测集,主实验/严格评测
SENT-0007,上午的比赛因过于紧张而失败了。,AUTH-TAD-0475,上午,0,2,ATTRIBUTE,,B_边界复核集,纳入477条一致评测集,边界集/鲁棒性分析
SENT-0008,下午五点天就黑了。,AUTH-TAD-0347,下午五点,0,4,OTHER,,C_暂不纳入主实验,纳入477条一致评测集,错误分析/待复核
SENT-0009,下午哥哥去医院看病。,AUTH-TAD-0393,下午,0,2,TEMPORAL_ADVERBIAL,,A_主评测候选,纳入477条一致评测集,主实验/严格评测
SENT-0010,下午的考试我还没复习好，不由得紧张起来了。,AUTH-TAD-0446,下午,0,2,ATTRIBUTE,,B_边界复核集,纳入477条一致评测集,边界集/鲁棒性分析
SENT-0011,下课以后，同学们立刻走出教室。,AUTH-TAD-0219,下课以后,0,4,TEMPORAL_ADVERBIAL,,B_边界复核集,纳入477条一致评测集,边界集/鲁棒性分析
SENT-0012,不去也好，你就在家休息一天吧。,AUTH-TAD-0348,一天,11,13,COMPLEMENT,,B_边界复核集,纳入477条一致评测集,边界集/鲁棒性分析
SENT-0013,不去就不去吧，以后别后悔就好。,AUTH-TAD-0361,以后,7,9,TEMPORAL_ADVERBIAL,,B_边界复核集,纳入477条一致评测集,边界集/鲁棒性分析
SENT-0014,不客气，你现在赶快做也来得及。,AUTH-TAD-0356,现在,5,7,TEMPORAL_ADVERBIAL,,A_主评测候选,纳入477条一致评测集,主实验/严格评测
SENT-0015,不用，马上就干完了。,AUTH-TAD-0494,马上,3,5,TEMPORAL_ADVERBIAL,,B_边界复核集,纳入477条一致评测集,边界集/鲁棒性分析
SENT-0016,不知怎么搞的，他们到现在还没有拿出节目单。,AUTH-TAD-0322,现在,10,12,TEMPORAL_ADVERBIAL,,C_暂不纳入主实验,纳入477条一致评测集,待复核
SENT-0017,不知谁说的，下个月要期末考试了。,AUTH-TAD-0423,下个月,6,9,TEMPORAL_ADVERBIAL,,B_边界复核集,纳入477条一致评测集,边界集/鲁棒性分析
SENT-0018,不管怎样说，我们已经来了，就应该珍惜这次机会。,AUTH-TAD-0025,已经,8,10,TEMPORAL_ADVERBIAL,,B_边界复核集,纳入477条一致评测集,边界集/鲁棒性分析
SENT-0019,不管明天是否下雨，我都要去看他。,AUTH-TAD-0074,明天,2,4,TEMPORAL_ADVERBIAL,,B_边界复核集,纳入477条一致评测集,边界集/鲁棒性分析
SENT-0020,与其在这里洗半天的衣服，我宁可去买新的。,AUTH-TAD-0186,半天,6,8,COMPLEMENT,,C_暂不纳入主实验,纳入477条一致评测集,待复核
SENT-0021,与其早上睡懒觉，不如出去锻炼身体。,AUTH-TAD-0018,早上,2,4,TEMPORAL_ADVERBIAL,,A_主评测候选,纳入477条一致评测集,主实验/严格评测
SENT-0022,与其考试前开夜车，不如平时努力学习。,AUTH-TAD-0152,平时,11,13,TEMPORAL_ADVERBIAL,,A_主评测候选,纳入477条一致评测集,主实验/严格评测
SENT-0023,两个好朋友的生日恰好是同一天。,AUTH-TAD-0220,一天,12,14,OTHER,,C_暂不纳入主实验,纳入477条一致评测集,待复核
SENT-0024,为了保持健康，他每天坚持运动。,AUTH-TAD-0371,每天,8,10,TEMPORAL_ADVERBIAL,,A_主评测候选,纳入477条一致评测集,主实验/严格评测
SENT-0025,也不能每天不吃饭。,AUTH-TAD-0274,每天,3,5,TEMPORAL_ADVERBIAL,,A_主评测候选,纳入477条一致评测集,主实验/严格评测
SENT-0026,了，正在看书呢。,AUTH-TAD-0063,正在,2,4,TEMPORAL_ADVERBIAL,,B_边界复核集,纳入477条一致评测集,边界集/鲁棒性分析
SENT-0027,事情下午就弄清楚了。,AUTH-TAD-0367,下午,2,4,TEMPORAL_ADVERBIAL,,A_主评测候选,纳入477条一致评测集,主实验/严格评测
SENT-0028,事情已经解决了，这又何必呢?,AUTH-TAD-0217,已经,2,4,TEMPORAL_ADVERBIAL,,B_边界复核集,纳入477条一致评测集,边界集/鲁棒性分析
SENT-0029,二十分钟的表演转眼结束，观众皆感意犹未尽。,AUTH-TAD-0097,二十分钟,0,4,ATTRIBUTE,,B_边界复核集,纳入477条一致评测集,边界集/鲁棒性分析
SENT-0030,什么爱情不爱情的，你现在什么都不懂。,AUTH-TAD-0377,现在,10,12,TEMPORAL_ADVERBIAL,,B_边界复核集,纳入477条一致评测集,边界集/鲁棒性分析
SENT-0031,今天一下雨，气温就降下来了。,AUTH-TAD-0412,今天,0,2,TEMPORAL_ADVERBIAL,,B_边界复核集,纳入477条一致评测集,边界集/鲁棒性分析
SENT-0032,今天一会儿晴，一会儿阴。,AUTH-TAD-0246,今天,0,2,OTHER,,C_暂不纳入主实验,复核/剔除候选,待复核
SENT-0033,今天人怎么这么多?,AUTH-TAD-0169,今天,0,2,TEMPORAL_ADVERBIAL,,A_主评测候选,纳入477条一致评测集,主实验/严格评测
SENT-0034,今天他特别地高兴。,AUTH-TAD-0405,今天,0,2,TEMPORAL_ADVERBIAL,,A_主评测候选,纳入477条一致评测集,主实验/严格评测
SENT-0035,今天做完不是更好吗?,AUTH-TAD-0216,今天,0,2,TEMPORAL_ADVERBIAL,,A_主评测候选,纳入477条一致评测集,主实验/严格评测
SENT-0036,今天公共汽车没有按时到站，所以我迟到了。,AUTH-TAD-0449,今天,0,2,TEMPORAL_ADVERBIAL,,A_主评测候选,纳入477条一致评测集,主实验/严格评测
SENT-0037,今天刚好有空儿，咱们去爬山吧。,AUTH-TAD-0138,今天,0,2,TEMPORAL_ADVERBIAL,,A_主评测候选,纳入477条一致评测集,主实验/严格评测
SENT-0038,今天刚开完会，明天又要开会。,AUTH-TAD-0053,明天,7,9,TEMPORAL_ADVERBIAL,,B_边界复核集,纳入477条一致评测集,边界集/鲁棒性分析
SENT-0039,今天到场的另一位嘉宾是北京大学中文系的王教授。,AUTH-TAD-0051,今天,0,2,TEMPORAL_ADVERBIAL,,A_主评测候选,纳入477条一致评测集,主实验/严格评测
SENT-0040,今天和昨天都很热。,AUTH-TAD-0133,今天,0,2,OTHER,,C_暂不纳入主实验,纳入477条一致评测集,待复核
SENT-0041,今天外面有冬天那么冷。,AUTH-TAD-0234,今天,0,2,TEMPORAL_ADVERBIAL,,A_主评测候选,纳入477条一致评测集,主实验/严格评测
SENT-0042,今天外面降温了，于是我多穿了一件衣服。,AUTH-TAD-0256,今天,0,2,TEMPORAL_ADVERBIAL,,B_边界复核集,纳入477条一致评测集,边界集/鲁棒性分析
SENT-0043,今天学校举办国际文化节，校园里热闹得不行。,AUTH-TAD-0426,今天,0,2,TEMPORAL_ADVERBIAL,,A_主评测候选,纳入477条一致评测集,主实验/严格评测
SENT-0044,今天就可以动手，何必明天呢?,AUTH-TAD-0263,今天,0,2,TEMPORAL_ADVERBIAL,,B_边界复核集,纳入477条一致评测集,边界集/鲁棒性分析
SENT-0044,今天就可以动手，何必明天呢?,AUTH-TAD-0038,明天,10,12,TEMPORAL_ADVERBIAL,,C_暂不纳入主实验,复核/剔除候选,待复核
SENT-0045,今天心情很好，走在路上，我不由得哼起了歌。,AUTH-TAD-0162,今天,0,2,TEMPORAL_ADVERBIAL,,B_边界复核集,纳入477条一致评测集,边界集/鲁棒性分析
SENT-0046,今天我就要你一个态度，你一定得去。,AUTH-TAD-0309,今天,0,2,TEMPORAL_ADVERBIAL,,B_边界复核集,纳入477条一致评测集,边界集/鲁棒性分析
SENT-0047,今天我必须见到他。,AUTH-TAD-0345,今天,0,2,TEMPORAL_ADVERBIAL,,A_主评测候选,纳入477条一致评测集,主实验/严格评测
SENT-0048,今天我没/没有写汉字。,AUTH-TAD-0099,今天,0,2,TEMPORAL_ADVERBIAL,,A_主评测候选,纳入477条一致评测集,主实验/严格评测
SENT-0049,今天来了七八十个观众。,AUTH-TAD-0173,今天,0,2,TEMPORAL_ADVERBIAL,,B_边界复核集,纳入477条一致评测集,边界集/鲁棒性分析
SENT-0050,今天比昨天稍热一点儿。,AUTH-TAD-0211,昨天,3,5,OTHER,,C_暂不纳入主实验,纳入477条一致评测集,待复核
SENT-0051,今天比昨天还凉快。,AUTH-TAD-0259,昨天,3,5,OTHER,,C_暂不纳入主实验,纳入477条一致评测集,待复核
SENT-0052,今天的任务很多，我们慢慢来，完成一项是一项。,AUTH-TAD-0221,今天,0,2,ATTRIBUTE,,B_边界复核集,纳入477条一致评测集,边界集/鲁棒性分析
SENT-0053,今天的会议很重要，我非参加不可。,AUTH-TAD-0087,今天,0,2,ATTRIBUTE,,B_边界复核集,纳入477条一致评测集,边界集/鲁棒性分析
SENT-0054,今天的晚饭是爸爸做的。,AUTH-TAD-0440,今天,0,2,ATTRIBUTE,,B_边界复核集,纳入477条一致评测集,边界集/鲁棒性分析
SENT-0055,今天的气温有十五六度。,AUTH-TAD-0165,今天,0,2,ATTRIBUTE,,B_边界复核集,纳入477条一致评测集,边界集/鲁棒性分析
SENT-0056,今天的活动，难道我不去不行吗?,AUTH-TAD-0142,今天,0,2,ATTRIBUTE,,B_边界复核集,纳入477条一致评测集,边界集/鲁棒性分析
SENT-0057,今天的演出相当精彩。,AUTH-TAD-0482,今天,0,2,ATTRIBUTE,,B_边界复核集,纳入477条一致评测集,边界集/鲁棒性分析
SENT-0058,今天的电影不好看。,AUTH-TAD-0401,今天,0,2,ATTRIBUTE,,B_边界复核集,纳入477条一致评测集,边界集/鲁棒性分析
SENT-0059,今天的练习做没做完?,AUTH-TAD-0336,今天,0,2,ATTRIBUTE,,B_边界复核集,纳入477条一致评测集,边界集/鲁棒性分析
SENT-0060,今天的练习比考试更难。,AUTH-TAD-0154,今天,0,2,ATTRIBUTE,,B_边界复核集,纳入477条一致评测集,边界集/鲁棒性分析
SENT-0061,今天真是太冷了，幸好我穿了羽绒服。,AUTH-TAD-0187,今天,0,2,TEMPORAL_ADVERBIAL,,A_主评测候选,纳入477条一致评测集,主实验/严格评测
SENT-0062,今年他再度获得演讲比赛的冠军。,AUTH-TAD-0071,今年,0,2,TEMPORAL_ADVERBIAL,,B_边界复核集,纳入477条一致评测集,边界集/鲁棒性分析
SENT-0063,今年公司的总利润比去年降低了不少。,AUTH-TAD-0368,今年,0,2,TEMPORAL_ADVERBIAL,,B_边界复核集,纳入477条一致评测集,边界集/鲁棒性分析
SENT-0063,今年公司的总利润比去年降低了不少。,AUTH-TAD-0239,去年,9,11,ATTRIBUTE,,C_暂不纳入主实验,复核/剔除候选,待复核
SENT-0064,今年年初以来，我已经回过五次老家了。,AUTH-TAD-0094,今年年初以来,0,6,OTHER,,C_暂不纳入主实验,纳入477条一致评测集,错误分析/待复核
SENT-0064,今年年初以来，我已经回过五次老家了。,AUTH-TAD-0273,今年年初以来,0,6,OTHER,,C_暂不纳入主实验,纳入477条一致评测集,待复核
SENT-0065,今年生产的产品数量比去年增加了百分之四十。,AUTH-TAD-0420,今年,0,2,TEMPORAL_ADVERBIAL,,B_边界复核集,纳入477条一致评测集,边界集/鲁棒性分析
SENT-0065,今年生产的产品数量比去年增加了百分之四十。,AUTH-TAD-0218,去年,10,12,OTHER,,C_暂不纳入主实验,复核/剔除候选,待复核
SENT-0066,从三年前起，他就开始学习中文了。,AUTH-TAD-0081,从三年前起,0,5,OTHER,,C_暂不纳入主实验,纳入477条一致评测集,待复核
SENT-0067,从今天开始，我将不再担任公司经理的职务。,AUTH-TAD-0195,今天,1,3,TEMPORAL_ADVERBIAL,,C_暂不纳入主实验,纳入477条一致评测集,待复核
SENT-0068,从去年以来，我一直生活在北京。,AUTH-TAD-0317,从去年以来,0,5,TEMPORAL_ADVERBIAL,,B_边界复核集,纳入477条一致评测集,边界集/鲁棒性分析
SENT-0069,从销售量来看，这个公司已经成为国内最大的手机制造商。,AUTH-TAD-0159,已经,11,13,TEMPORAL_ADVERBIAL,,B_边界复核集,纳入477条一致评测集,边界集/鲁棒性分析
SENT-0070,他一再向女朋友保证以后再也不抽烟了。,AUTH-TAD-0112,以后,9,11,OTHER,,C_暂不纳入主实验,纳入477条一致评测集,待复核
SENT-0071,他不是偶尔才这样，这种失误已经很多次了。,AUTH-TAD-0065,已经,13,15,TEMPORAL_ADVERBIAL,,B_边界复核集,纳入477条一致评测集,边界集/鲁棒性分析
SENT-0072,他之所以身体素质好，是因为他经常锻炼。,AUTH-TAD-0226,经常,14,16,TEMPORAL_ADVERBIAL,,B_边界复核集,纳入477条一致评测集,边界集/鲁棒性分析
SENT-0073,他也像我似的经常生气。,AUTH-TAD-0136,经常,6,8,TEMPORAL_ADVERBIAL,,B_边界复核集,纳入477条一致评测集,边界集/鲁棒性分析
SENT-0074,他什么他，现在说的是你。,AUTH-TAD-0303,现在,5,7,TEMPORAL_ADVERBIAL,,B_边界复核集,纳入477条一致评测集,边界集/鲁棒性分析
SENT-0075,他今天尽说伤人的话。,AUTH-TAD-0411,今天,1,3,TEMPORAL_ADVERBIAL,,A_主评测候选,纳入477条一致评测集,主实验/严格评测
SENT-0076,他今天早饭都没吃就急忙去学校了。,AUTH-TAD-0386,今天,1,3,TEMPORAL_ADVERBIAL,,A_主评测候选,纳入477条一致评测集,主实验/严格评测
SENT-0077,他从小身体不好，加上缺少锻炼，所以经常生病。,AUTH-TAD-0016,经常,17,19,TEMPORAL_ADVERBIAL,,B_边界复核集,纳入477条一致评测集,边界集/鲁棒性分析
SENT-0078,他们今天忙死了。,AUTH-TAD-0284,今天,2,4,TEMPORAL_ADVERBIAL,,A_主评测候选,纳入477条一致评测集,主实验/严格评测
SENT-0079,他们曾经在这里工作了一年。,AUTH-TAD-0117,一年,10,12,COMPLEMENT,,C_暂不纳入主实验,纳入477条一致评测集,待复核
SENT-0080,他们队去年连前八名都没有进入，不料今年竟夺得了冠军。,AUTH-TAD-0379,今年,17,19,TEMPORAL_ADVERBIAL,,B_边界复核集,纳入477条一致评测集,边界集/鲁棒性分析
SENT-0081,他刚才已经来过了。,AUTH-TAD-0059,已经,3,5,TEMPORAL_ADVERBIAL,,C_暂不纳入主实验,纳入477条一致评测集,待复核
SENT-0082,他到处借钱，现在借到我们同事头上来了。,AUTH-TAD-0298,现在,6,8,TEMPORAL_ADVERBIAL,,A_主评测候选,纳入477条一致评测集,主实验/严格评测
SENT-0083,他去年来到中国，并考上了北京语言大学。,AUTH-TAD-0176,去年,1,3,TEMPORAL_ADVERBIAL,,B_边界复核集,纳入477条一致评测集,边界集/鲁棒性分析
SENT-0084,他可能没看清楚吧，我有时也犯这种错。,AUTH-TAD-0262,有时,10,12,TEMPORAL_ADVERBIAL,,A_主评测候选,纳入477条一致评测集,主实验/严格评测
SENT-0085,他听了医生的话，每天都去外面散步，这样一来，他的身体越来越好了。,AUTH-TAD-0192,每天,8,10,TEMPORAL_ADVERBIAL,,A_主评测候选,纳入477条一致评测集,主实验/严格评测
SENT-0086,他周末去了哪些地方?,AUTH-TAD-0437,周末,1,3,TEMPORAL_ADVERBIAL,,A_主评测候选,纳入477条一致评测集,主实验/严格评测
SENT-0087,他在今年的毕业生中是最优秀的。,AUTH-TAD-0225,今年,2,4,ATTRIBUTE,,B_边界复核集,纳入477条一致评测集,边界集/鲁棒性分析
SENT-0088,他工作了七八天了，该休息了。,AUTH-TAD-0174,七八天,4,7,COMPLEMENT,,B_边界复核集,纳入477条一致评测集,边界集/鲁棒性分析
SENT-0089,他已经60岁了，但是依旧没/没有放弃学习。,AUTH-TAD-0484,已经,1,3,TEMPORAL_ADVERBIAL,,B_边界复核集,纳入477条一致评测集,边界集/鲁棒性分析
SENT-0090,他已经决定了，你就算再劝也没用。,AUTH-TAD-0108,已经,1,3,TEMPORAL_ADVERBIAL,,B_边界复核集,纳入477条一致评测集,边界集/鲁棒性分析
SENT-0091,他已经知道自己错了。,AUTH-TAD-0164,已经,1,3,TEMPORAL_ADVERBIAL,,B_边界复核集,纳入477条一致评测集,边界集/鲁棒性分析
SENT-0092,他已经适应了国外的生活，故不打算回来了。,AUTH-TAD-0109,已经,1,3,TEMPORAL_ADVERBIAL,,B_边界复核集,纳入477条一致评测集,边界集/鲁棒性分析
SENT-0093,他常常很晚回家。,AUTH-TAD-0197,常常,1,3,TEMPORAL_ADVERBIAL,,B_边界复核集,纳入477条一致评测集,边界集/鲁棒性分析
SENT-0094,他常常走路回家。,AUTH-TAD-0011,常常,1,3,TEMPORAL_ADVERBIAL,,B_边界复核集,纳入477条一致评测集,边界集/鲁棒性分析
SENT-0095,他平时要么在食堂吃，要么在饭馆吃，从来不做饭。,AUTH-TAD-0499,平时,1,3,TEMPORAL_ADVERBIAL,,B_边界复核集,纳入477条一致评测集,边界集/鲁棒性分析
SENT-0096,他当老师当了几乎三十年了。,AUTH-TAD-0334,三十年,8,11,COMPLEMENT,,B_边界复核集,纳入477条一致评测集,边界集/鲁棒性分析
SENT-0097,他当过五年医生。,AUTH-TAD-0078,五年,3,5,COMPLEMENT,,B_边界复核集,纳入477条一致评测集,边界集/鲁棒性分析
SENT-0098,他快考试了，因而每天都去图书馆看书。,AUTH-TAD-0404,每天,8,10,TEMPORAL_ADVERBIAL,,A_主评测候选,纳入477条一致评测集,主实验/严格评测
SENT-0099,他放假了，这两天在上海玩儿呢。,AUTH-TAD-0046,这两天,5,8,OTHER,,C_暂不纳入主实验,纳入477条一致评测集,待复核
SENT-0100,他昨天差不多三点才回家。,AUTH-TAD-0360,三点,6,8,TEMPORAL_ADVERBIAL,,C_暂不纳入主实验,纳入477条一致评测集,待复核
SENT-0101,他昨天没来，今天又没来。,AUTH-TAD-0429,昨天,1,3,TEMPORAL_ADVERBIAL,,A_主评测候选,纳入477条一致评测集,主实验/严格评测
SENT-0101,他昨天没来，今天又没来。,AUTH-TAD-0416,今天,6,8,TEMPORAL_ADVERBIAL,,B_边界复核集,纳入477条一致评测集,边界集/鲁棒性分析
SENT-0102,他晚上一定又吃方便面了。,AUTH-TAD-0306,晚上,1,3,TEMPORAL_ADVERBIAL,,A_主评测候选,纳入477条一致评测集,主实验/严格评测
SENT-0103,他更喜欢早上洗澡。,AUTH-TAD-0378,早上,4,6,TEMPORAL_ADVERBIAL,,B_边界复核集,纳入477条一致评测集,边界集/鲁棒性分析
SENT-0104,他曾经学过游泳。,AUTH-TAD-0170,曾经,1,3,TEMPORAL_ADVERBIAL,,B_边界复核集,纳入477条一致评测集,边界集/鲁棒性分析
SENT-0105,他未免过分自信了，平时考试他都在第十名以后。,AUTH-TAD-0419,平时,9,11,ATTRIBUTE,,C_暂不纳入主实验,复核/剔除候选,待复核
SENT-0105,他未免过分自信了，平时考试他都在第十名以后。,AUTH-TAD-0122,考试他都在第十名以后,11,21,OTHER,,C_暂不纳入主实验,纳入477条一致评测集,待复核
SENT-0106,他正在写毕业论文，不管电视也好，电影也好，都没时间看。,AUTH-TAD-0323,正在,1,3,TEMPORAL_ADVERBIAL,,B_边界复核集,纳入477条一致评测集,边界集/鲁棒性分析
SENT-0107,他正在邮局寄信。,AUTH-TAD-0364,正在,1,3,TEMPORAL_ADVERBIAL,,B_边界复核集,纳入477条一致评测集,边界集/鲁棒性分析
SENT-0108,他每天出门散两次步，此外，就在家看书。,AUTH-TAD-0158,每天,1,3,TEMPORAL_ADVERBIAL,,A_主评测候选,纳入477条一致评测集,主实验/严格评测
SENT-0109,他每天都加班，为的是能准时完成工作任务。,AUTH-TAD-0346,每天,1,3,TEMPORAL_ADVERBIAL,,A_主评测候选,纳入477条一致评测集,主实验/严格评测
SENT-0110,他每天都按时观看这个电视节目。,AUTH-TAD-0229,每天,1,3,TEMPORAL_ADVERBIAL,,A_主评测候选,纳入477条一致评测集,主实验/严格评测
SENT-0111,他洗了十分钟的澡。,AUTH-TAD-0155,十分钟,3,6,ATTRIBUTE,,B_边界复核集,纳入477条一致评测集,边界集/鲁棒性分析
SENT-0112,他洗澡洗了十分钟。,AUTH-TAD-0454,十分钟,5,8,COMPLEMENT,,B_边界复核集,纳入477条一致评测集,边界集/鲁棒性分析
SENT-0113,他游了四十分钟的泳。,AUTH-TAD-0351,四十分钟,3,7,COMPLEMENT,,B_边界复核集,纳入477条一致评测集,边界集/鲁棒性分析
SENT-0114,他现在病得很厉害，吃也吃不得，喝也喝不得。,AUTH-TAD-0489,现在,1,3,TEMPORAL_ADVERBIAL,,A_主评测候选,纳入477条一致评测集,主实验/严格评测
SENT-0115,他的工作有时非常忙。,AUTH-TAD-0057,有时,4,6,TEMPORAL_ADVERBIAL,,A_主评测候选,纳入477条一致评测集,主实验/严格评测
SENT-0116,他的速度慢我三分钟。,AUTH-TAD-0254,三分钟,6,9,COMPLEMENT,,B_边界复核集,纳入477条一致评测集,边界集/鲁棒性分析
SENT-0117,他离开家乡一年了。,AUTH-TAD-0392,一年,5,7,COMPLEMENT,,B_边界复核集,纳入477条一致评测集,边界集/鲁棒性分析
SENT-0118,他经常不来学校。,AUTH-TAD-0209,经常,1,3,TEMPORAL_ADVERBIAL,,B_边界复核集,纳入477条一致评测集,边界集/鲁棒性分析
SENT-0119,他经常帮我的忙。,AUTH-TAD-0417,经常,1,3,TEMPORAL_ADVERBIAL,,B_边界复核集,纳入477条一致评测集,边界集/鲁棒性分析
SENT-0120,他经常放学后去打工。,AUTH-TAD-0493,经常,1,3,TEMPORAL_ADVERBIAL,,B_边界复核集,纳入477条一致评测集,边界集/鲁棒性分析
SENT-0121,他经常问老师问题。,AUTH-TAD-0471,经常,1,3,TEMPORAL_ADVERBIAL,,B_边界复核集,纳入477条一致评测集,边界集/鲁棒性分析
SENT-0122,他起初没明白，后来才理解了游戏的规则。,AUTH-TAD-0166,后来,7,9,TEMPORAL_ADVERBIAL,,C_暂不纳入主实验,纳入477条一致评测集,待复核
SENT-0123,他那里保存着每年的检查报告。,AUTH-TAD-0433,每年,6,8,ATTRIBUTE,,B_边界复核集,纳入477条一致评测集,边界集/鲁棒性分析
SENT-0124,你今天做什么了?,AUTH-TAD-0208,今天,1,3,TEMPORAL_ADVERBIAL,,A_主评测候选,纳入477条一致评测集,主实验/严格评测
SENT-0125,你今天去长城玩儿得怎么样?,AUTH-TAD-0010,今天,1,3,TEMPORAL_ADVERBIAL,,A_主评测候选,纳入477条一致评测集,主实验/严格评测
SENT-0126,你今天的发言格外有水平。,AUTH-TAD-0277,今天,1,3,ATTRIBUTE,,B_边界复核集,纳入477条一致评测集,边界集/鲁棒性分析
SENT-0127,你以前有女朋友吗?,AUTH-TAD-0344,以前,1,3,TEMPORAL_ADVERBIAL,,B_边界复核集,纳入477条一致评测集,边界集/鲁棒性分析
SENT-0128,你以前来过北京吗?,AUTH-TAD-0307,以前,1,3,TEMPORAL_ADVERBIAL,,B_边界复核集,纳入477条一致评测集,边界集/鲁棒性分析
SENT-0129,你们晚上吃什么?,AUTH-TAD-0407,晚上,2,4,TEMPORAL_ADVERBIAL,,A_主评测候选,纳入477条一致评测集,主实验/严格评测
SENT-0130,你先坐会儿，我马上回来。,AUTH-TAD-0175,马上,7,9,TEMPORAL_ADVERBIAL,,B_边界复核集,纳入477条一致评测集,边界集/鲁棒性分析
SENT-0131,你先把位置留着，我马上就来。,AUTH-TAD-0260,马上,9,11,TEMPORAL_ADVERBIAL,,B_边界复核集,纳入477条一致评测集,边界集/鲁棒性分析
SENT-0132,你出国以后，妈妈时刻想念着你。,AUTH-TAD-0213,你出国以后,0,5,TEMPORAL_ADVERBIAL,,C_暂不纳入主实验,纳入477条一致评测集,待复核
SENT-0133,你刚才做什么呢?,AUTH-TAD-0470,刚才,1,3,TEMPORAL_ADVERBIAL,,A_主评测候选,纳入477条一致评测集,主实验/严格评测
SENT-0134,你别老想这想那，小心晚上睡不着。,AUTH-TAD-0124,晚上,10,12,TEMPORAL_ADVERBIAL,,A_主评测候选,纳入477条一致评测集,主实验/严格评测
SENT-0135,你哪怕非常不愿意，明天也得去一趟，这是工作。,AUTH-TAD-0461,明天,9,11,TEMPORAL_ADVERBIAL,,A_主评测候选,纳入477条一致评测集,主实验/严格评测
SENT-0136,你已经有了，何必又花钱买一个呢?,AUTH-TAD-0030,已经,1,3,TEMPORAL_ADVERBIAL,,B_边界复核集,纳入477条一致评测集,边界集/鲁棒性分析
SENT-0137,你常常在哪个商店买东西?,AUTH-TAD-0485,常常,1,3,TEMPORAL_ADVERBIAL,,B_边界复核集,纳入477条一致评测集,边界集/鲁棒性分析
SENT-0138,你忙了一上午了，快休息休息吧。,AUTH-TAD-0121,上午,4,6,COMPLEMENT,,A_主评测候选,纳入477条一致评测集,主实验/严格评测
SENT-0139,你怎么今天才来?,AUTH-TAD-0047,今天,3,5,TEMPORAL_ADVERBIAL,,B_边界复核集,纳入477条一致评测集,边界集/鲁棒性分析
SENT-0140,你怎么现在才来?,AUTH-TAD-0172,现在,3,5,TEMPORAL_ADVERBIAL,,A_主评测候选,纳入477条一致评测集,主实验/严格评测
SENT-0141,你无须/不必打电话，马上会有人来接你。,AUTH-TAD-0134,马上,10,12,TEMPORAL_ADVERBIAL,,B_边界复核集,纳入477条一致评测集,边界集/鲁棒性分析
SENT-0142,你明天去看看奶奶。,AUTH-TAD-0468,明天,1,3,TEMPORAL_ADVERBIAL,,A_主评测候选,纳入477条一致评测集,主实验/严格评测
SENT-0143,你明天必须去考试。,AUTH-TAD-0402,明天,1,3,TEMPORAL_ADVERBIAL,,A_主评测候选,纳入477条一致评测集,主实验/严格评测
SENT-0144,你明天早点儿来，可以吗?,AUTH-TAD-0056,明天,1,3,TEMPORAL_ADVERBIAL,,A_主评测候选,纳入477条一致评测集,主实验/严格评测
SENT-0145,你昨天做什么了?,AUTH-TAD-0444,昨天,1,3,TEMPORAL_ADVERBIAL,,A_主评测候选,纳入477条一致评测集,主实验/严格评测
SENT-0146,你昨天去见那位老朋友了吗?,AUTH-TAD-0319,昨天,1,3,TEMPORAL_ADVERBIAL,,A_主评测候选,纳入477条一致评测集,主实验/严格评测
SENT-0147,你最好现在就出发，否则上课会迟到。,AUTH-TAD-0272,现在,3,5,TEMPORAL_ADVERBIAL,,B_边界复核集,纳入477条一致评测集,边界集/鲁棒性分析
SENT-0148,你有什么不同意见，不妨现在提出来。,AUTH-TAD-0338,现在,11,13,TEMPORAL_ADVERBIAL,,A_主评测候选,纳入477条一致评测集,主实验/严格评测
SENT-0149,你未免把她说得太幼稚了，她已经是个大学生了。,AUTH-TAD-0391,已经,13,15,TEMPORAL_ADVERBIAL,,B_边界复核集,纳入477条一致评测集,边界集/鲁棒性分析
SENT-0150,你现在不要过早下结论，况且谁输谁赢还不一定呢。,AUTH-TAD-0147,现在,1,3,TEMPORAL_ADVERBIAL,,A_主评测候选,纳入477条一致评测集,主实验/严格评测
SENT-0151,你现在又没事，去见见他也不妨。,AUTH-TAD-0101,现在,1,3,TEMPORAL_ADVERBIAL,,A_主评测候选,纳入477条一致评测集,主实验/严格评测
SENT-0152,你现在和张莉还有联系吗?,AUTH-TAD-0128,现在,1,3,TEMPORAL_ADVERBIAL,,A_主评测候选,纳入477条一致评测集,主实验/严格评测
SENT-0153,你现在感觉怎么样?,AUTH-TAD-0084,现在,1,3,TEMPORAL_ADVERBIAL,,A_主评测候选,纳入477条一致评测集,主实验/严格评测
SENT-0154,你男朋友找了你一天。,AUTH-TAD-0116,一天,7,9,COMPLEMENT,,B_边界复核集,纳入477条一致评测集,边界集/鲁棒性分析
SENT-0155,你的电脑我已经帮你修好了。,AUTH-TAD-0445,已经,5,7,TEMPORAL_ADVERBIAL,,B_边界复核集,纳入477条一致评测集,边界集/鲁棒性分析
SENT-0156,你看，今天的天空格外地蓝。,AUTH-TAD-0238,今天,3,5,ATTRIBUTE,,B_边界复核集,纳入477条一致评测集,边界集/鲁棒性分析
SENT-0157,依照公司的规定，我们下周放假三天。,AUTH-TAD-0205,下周,10,12,TEMPORAL_ADVERBIAL,,B_边界复核集,纳入477条一致评测集,边界集/鲁棒性分析
SENT-0158,依照医生的要求，他每天按时吃药。,AUTH-TAD-0062,每天,9,11,TEMPORAL_ADVERBIAL,,A_主评测候选,纳入477条一致评测集,主实验/严格评测
SENT-0159,依照医院的规定，下午六点以后家属不能来看望病人。,AUTH-TAD-0157,下午六点以后,8,14,OTHER,,C_暂不纳入主实验,纳入477条一致评测集,错误分析/待复核
SENT-0159,依照医院的规定，下午六点以后家属不能来看望病人。,AUTH-TAD-0241,下午六点以后,8,14,OTHER,,C_暂不纳入主实验,纳入477条一致评测集,错误分析/待复核
SENT-0160,公司下周将要举行开业典礼。,AUTH-TAD-0428,下周,2,4,TEMPORAL_ADVERBIAL,,A_主评测候选,纳入477条一致评测集,主实验/严格评测
SENT-0161,公司下周派我去北京出差，我可以顺便去看看奶奶了。,AUTH-TAD-0110,下周,2,4,TEMPORAL_ADVERBIAL,,A_主评测候选,纳入477条一致评测集,主实验/严格评测
SENT-0162,冷就冷点儿吧，马上就春天了。,AUTH-TAD-0257,马上,7,9,TEMPORAL_ADVERBIAL,,B_边界复核集,纳入477条一致评测集,边界集/鲁棒性分析
SENT-0163,准备了一天，客人却没来，她白白忙活了一天。,AUTH-TAD-0452,一天,3,5,COMPLEMENT,,B_边界复核集,纳入477条一致评测集,边界集/鲁棒性分析
SENT-0164,几年前曾经下过一场雪。,AUTH-TAD-0251,曾经,3,5,TEMPORAL_ADVERBIAL,,C_暂不纳入主实验,纳入477条一致评测集,待复核
SENT-0165,凡以前做错的题，你们全要认真复习。,AUTH-TAD-0163,以前,1,3,TEMPORAL_ADVERBIAL,,B_边界复核集,纳入477条一致评测集,边界集/鲁棒性分析
SENT-0166,出国以后，他再也没吃过这么好吃的中国菜。,AUTH-TAD-0032,出国以后,0,4,TEMPORAL_ADVERBIAL,,B_边界复核集,纳入477条一致评测集,边界集/鲁棒性分析
SENT-0167,刚才有人向我问路了。,AUTH-TAD-0015,刚才,0,2,TEMPORAL_ADVERBIAL,,A_主评测候选,纳入477条一致评测集,主实验/严格评测
SENT-0168,别忘了交作业，今天是最后期限了。,AUTH-TAD-0245,今天,7,9,OTHER,,C_暂不纳入主实验,纳入477条一致评测集,待复核
SENT-0169,别担心，她告诉我今天家里有事，请了半天假。,AUTH-TAD-0369,今天,8,10,TEMPORAL_ADVERBIAL,,A_主评测候选,纳入477条一致评测集,主实验/严格评测
SENT-0169,别担心，她告诉我今天家里有事，请了半天假。,AUTH-TAD-0004,半天,17,19,TEMPORAL_ADVERBIAL,,C_暂不纳入主实验,复核/剔除候选,待复核
SENT-0170,别提了，我昨天怎么也睡不着，看了一晚上的电视。,AUTH-TAD-0083,昨天,5,7,TEMPORAL_ADVERBIAL,,A_主评测候选,纳入477条一致评测集,主实验/严格评测
SENT-0170,别提了，我昨天怎么也睡不着，看了一晚上的电视。,AUTH-TAD-0328,晚上,17,19,OTHER,,C_暂不纳入主实验,复核/剔除候选,待复核
SENT-0171,到目前为止，我还不敢相信这是真的。,AUTH-TAD-0353,到目前为止,0,5,OTHER,,C_暂不纳入主实验,纳入477条一致评测集,错误分析/待复核
SENT-0172,十年过去了，周围的环境仍旧没变。,AUTH-TAD-0150,十年,0,2,OTHER,,B_边界复核集,纳入477条一致评测集,边界集/鲁棒性分析
SENT-0172,十年过去了，周围的环境仍旧没变。,AUTH-TAD-0359,十年过去了,0,5,OTHER,,C_暂不纳入主实验,纳入477条一致评测集,待复核
SENT-0173,去年她一直在外做生意，钱没挣着，却把老公跑了。,AUTH-TAD-0418,去年,0,2,TEMPORAL_ADVERBIAL,,B_边界复核集,纳入477条一致评测集,边界集/鲁棒性分析
SENT-0174,取得成功以后，他不但没有骄傲，反而更加努力了。,AUTH-TAD-0153,取得成功以后,0,6,TEMPORAL_ADVERBIAL,,B_边界复核集,纳入477条一致评测集,边界集/鲁棒性分析
SENT-0175,可不是嘛，我妈妈不是去唱歌，就是去跳舞，还经常和朋友出去旅游。,AUTH-TAD-0496,经常,21,23,TEMPORAL_ADVERBIAL,,B_边界复核集,纳入477条一致评测集,边界集/鲁棒性分析
SENT-0176,可不是，女儿已经长大了，你应该让她自己做决定。,AUTH-TAD-0400,已经,6,8,TEMPORAL_ADVERBIAL,,B_边界复核集,纳入477条一致评测集,边界集/鲁棒性分析
SENT-0177,可不是，警察都已经来了。,AUTH-TAD-0295,已经,7,9,TEMPORAL_ADVERBIAL,,B_边界复核集,纳入477条一致评测集,边界集/鲁棒性分析
SENT-0178,司机：一路上老板自说自话感慨了半天。,AUTH-TAD-0228,半天,15,17,COMPLEMENT,,C_暂不纳入主实验,纳入477条一致评测集,待复核
SENT-0179,吉米同玛丽昨天已经离开了北京。,AUTH-TAD-0250,昨天,5,7,TEMPORAL_ADVERBIAL,,C_暂不纳入主实验,纳入477条一致评测集,待复核
SENT-0180,同学们上课的时候不要左瞧右看，注意力要集中。,AUTH-TAD-0161,同学们上课的时候,0,8,TEMPORAL_ADVERBIAL,,C_暂不纳入主实验,复核/剔除候选,待复核
SENT-0181,同学们或是独立思考，或是小组讨论，答案目前还没出来。,AUTH-TAD-0290,目前,19,21,TEMPORAL_ADVERBIAL,,A_主评测候选,纳入477条一致评测集,主实验/严格评测
SENT-0182,后坚持每天练习。,AUTH-TAD-0397,每天,3,5,TEMPORAL_ADVERBIAL,,A_主评测候选,纳入477条一致评测集,主实验/严格评测
SENT-0183,听说，你们俩今天上学迟到了?,AUTH-TAD-0156,今天,6,8,TEMPORAL_ADVERBIAL,,B_边界复核集,纳入477条一致评测集,边界集/鲁棒性分析
SENT-0184,周末你常去哪儿?,AUTH-TAD-0193,周末,0,2,TEMPORAL_ADVERBIAL,,A_主评测候选,纳入477条一致评测集,主实验/严格评测
SENT-0185,周末我一连写了三篇作文。,AUTH-TAD-0177,周末,0,2,TEMPORAL_ADVERBIAL,,A_主评测候选,纳入477条一致评测集,主实验/严格评测
SENT-0186,周末的时候，她一向会去看场电影。,AUTH-TAD-0466,周末的时候,0,5,OTHER,,C_暂不纳入主实验,纳入477条一致评测集,待复核
SENT-0187,周末的时候，她一向在咖啡馆学习。,AUTH-TAD-0278,周末的时候,0,5,OTHER,,C_暂不纳入主实验,纳入477条一致评测集,错误分析/待复核
SENT-0188,哪怕明天下雨，足球比赛也要继续进行。,AUTH-TAD-0223,明天,2,4,TEMPORAL_ADVERBIAL,,A_主评测候选,纳入477条一致评测集,主实验/严格评测
SENT-0189,哪怕明天下雪，他也会准时来。,AUTH-TAD-0316,明天,2,4,TEMPORAL_ADVERBIAL,,A_主评测候选,纳入477条一致评测集,主实验/严格评测
SENT-0190,哪怕这件衣服已经打折了，价格还是很高。,AUTH-TAD-0462,已经,6,8,TEMPORAL_ADVERBIAL,,B_边界复核集,纳入477条一致评测集,边界集/鲁棒性分析
SENT-0191,喝，现在渴极了。,AUTH-TAD-0435,现在,2,4,TEMPORAL_ADVERBIAL,,B_边界复核集,纳入477条一致评测集,边界集/鲁棒性分析
SENT-0192,因为今天下雨，我们没去爬山。,AUTH-TAD-0271,今天,2,4,TEMPORAL_ADVERBIAL,,B_边界复核集,纳入477条一致评测集,边界集/鲁棒性分析
SENT-0193,因为很累，所以我今天不想做饭。,AUTH-TAD-0003,今天,8,10,TEMPORAL_ADVERBIAL,,A_主评测候选,纳入477条一致评测集,主实验/严格评测
SENT-0194,因为我很累，所以今天不想做饭。,AUTH-TAD-0002,今天,8,10,TEMPORAL_ADVERBIAL,,C_暂不纳入主实验,纳入477条一致评测集,待复核
SENT-0195,因为钱的事情，他们经常吵架。,AUTH-TAD-0067,经常,9,11,TEMPORAL_ADVERBIAL,,B_边界复核集,纳入477条一致评测集,边界集/鲁棒性分析
SENT-0196,国现在还说不定。,AUTH-TAD-0052,现在,1,3,TEMPORAL_ADVERBIAL,,A_主评测候选,纳入477条一致评测集,主实验/严格评测
SENT-0197,在别人不注意的时候，他偷偷走了。,AUTH-TAD-0075,在别人不注意的时候,0,9,TEMPORAL_ADVERBIAL,,B_边界复核集,纳入477条一致评测集,边界集/鲁棒性分析
SENT-0198,在这三年里，我把每天跑步这个习惯坚持下来了。,AUTH-TAD-0329,三年,2,4,OTHER,,C_暂不纳入主实验,复核/剔除候选,待复核
SENT-0198,在这三年里，我把每天跑步这个习惯坚持下来了。,AUTH-TAD-0366,每天,8,10,TEMPORAL_ADVERBIAL,,A_主评测候选,纳入477条一致评测集,主实验/严格评测
SENT-0199,在采访中，这位明星提到了小时候的经历。,AUTH-TAD-0039,小时候,12,15,ATTRIBUTE,,C_暂不纳入主实验,纳入477条一致评测集,待复核
SENT-0200,大卫今天看起来跟往常不一样。,AUTH-TAD-0500,今天,2,4,TEMPORAL_ADVERBIAL,,A_主评测候选,纳入477条一致评测集,主实验/严格评测
SENT-0201,大家聚了又散，散了又聚，一年也见不了几次面。,AUTH-TAD-0027,一年,12,14,OTHER,,B_边界复核集,纳入477条一致评测集,边界集/鲁棒性分析
SENT-0202,天变蓝了，水变清了，街道也变得更干净了，总之，现在的环境好多了。,AUTH-TAD-0324,现在,23,25,ATTRIBUTE,,B_边界复核集,纳入477条一致评测集,边界集/鲁棒性分析
SENT-0203,天气预报说这两天都有雨。,AUTH-TAD-0106,两天,6,8,TEMPORAL_ADVERBIAL,,C_暂不纳入主实验,纳入477条一致评测集,待复核
SENT-0204,太好了，以后就按照这个方案做就行了。,AUTH-TAD-0113,以后,4,6,TEMPORAL_ADVERBIAL,,B_边界复核集,纳入477条一致评测集,边界集/鲁棒性分析
SENT-0205,她二十岁结了婚，此后丈夫生病，她照顾了四年。,AUTH-TAD-0413,四年,19,21,COMPLEMENT,,C_暂不纳入主实验,纳入477条一致评测集,待复核
SENT-0206,她今天心情很好，甚至给自己放了一天假。,AUTH-TAD-0129,一天,15,17,COMPLEMENT,,C_暂不纳入主实验,纳入477条一致评测集,待复核
SENT-0207,她今天怎么不高兴?,AUTH-TAD-0349,今天,1,3,TEMPORAL_ADVERBIAL,,A_主评测候选,纳入477条一致评测集,主实验/严格评测
SENT-0208,她前年本科毕业，完了先去工作了一年，然后又读的研究生。,AUTH-TAD-0439,一年,15,17,COMPLEMENT,,C_暂不纳入主实验,纳入477条一致评测集,待复核
SENT-0209,她在大学期间一直半工半读，非常辛苦。,AUTH-TAD-0406,在大学期间,1,6,OTHER,,C_暂不纳入主实验,纳入477条一致评测集,待复核
SENT-0210,她已经不在这里工作了。,AUTH-TAD-0467,已经,1,3,TEMPORAL_ADVERBIAL,,B_边界复核集,纳入477条一致评测集,边界集/鲁棒性分析
SENT-0211,她当时是不是拿走了这本书?,AUTH-TAD-0355,当时,1,3,TEMPORAL_ADVERBIAL,,B_边界复核集,纳入477条一致评测集,边界集/鲁棒性分析
SENT-0212,她提前给相机充好电，为的是出去玩儿的时候能多拍点儿照片。,AUTH-TAD-0131,出去玩儿的时候,13,20,OTHER,,C_暂不纳入主实验,纳入477条一致评测集,待复核
SENT-0213,她最近心情不好，经常为一点儿小事就大吵大闹。,AUTH-TAD-0327,经常,8,10,TEMPORAL_ADVERBIAL,,B_边界复核集,纳入477条一致评测集,边界集/鲁棒性分析
SENT-0214,她每天都穿得漂漂亮亮的。,AUTH-TAD-0285,每天,1,3,TEMPORAL_ADVERBIAL,,A_主评测候选,纳入477条一致评测集,主实验/严格评测
SENT-0215,她每天都给家里打电话，好让父母放心。,AUTH-TAD-0033,每天,1,3,TEMPORAL_ADVERBIAL,,A_主评测候选,纳入477条一致评测集,主实验/严格评测
SENT-0216,她现在步行上班了，以便能锻炼锻炼身体。,AUTH-TAD-0331,现在,1,3,TEMPORAL_ADVERBIAL,,B_边界复核集,纳入477条一致评测集,边界集/鲁棒性分析
SENT-0217,她男朋友每天接送她上班，别提有多关心她了。,AUTH-TAD-0167,每天,4,6,TEMPORAL_ADVERBIAL,,A_主评测候选,纳入477条一致评测集,主实验/严格评测
SENT-0218,她白白地忙活了一天。,AUTH-TAD-0100,一天,7,9,COMPLEMENT,,B_边界复核集,纳入477条一致评测集,边界集/鲁棒性分析
SENT-0219,她的生日是今天还是明天?,AUTH-TAD-0455,今天,5,7,OTHER,,C_暂不纳入主实验,纳入477条一致评测集,待复核
SENT-0220,她起初不适应这里的气候，后来才慢慢习惯了。,AUTH-TAD-0472,后来,12,14,TEMPORAL_ADVERBIAL,,C_暂不纳入主实验,纳入477条一致评测集,待复核
SENT-0221,她连续工作了那么多天，今天好容易才有空儿休息。,AUTH-TAD-0424,今天,11,13,TEMPORAL_ADVERBIAL,,B_边界复核集,纳入477条一致评测集,边界集/鲁棒性分析
SENT-0222,好像明天还要下雪。,AUTH-TAD-0442,明天,2,4,TEMPORAL_ADVERBIAL,,A_主评测候选,纳入477条一致评测集,主实验/严格评测
SENT-0223,好，好，我马上写。,AUTH-TAD-0476,马上,5,7,TEMPORAL_ADVERBIAL,,B_边界复核集,纳入477条一致评测集,边界集/鲁棒性分析
SENT-0224,好的，我明天再去吧。,AUTH-TAD-0190,明天,4,6,TEMPORAL_ADVERBIAL,,B_边界复核集,纳入477条一致评测集,边界集/鲁棒性分析
SENT-0225,如果不从小培养孩子的独立生活能力，他们以后可能这也不懂，那也不会。,AUTH-TAD-0399,以后,19,21,OTHER,,C_暂不纳入主实验,纳入477条一致评测集,待复核
SENT-0226,如果你明天要去超市，顺便帮我买支红圆珠笔吧。,AUTH-TAD-0304,明天,3,5,TEMPORAL_ADVERBIAL,,A_主评测候选,纳入477条一致评测集,主实验/严格评测
SENT-0227,如果明天下雨，我就不出门了。,AUTH-TAD-0333,明天,2,4,TEMPORAL_ADVERBIAL,,A_主评测候选,纳入477条一致评测集,主实验/严格评测
SENT-0228,妈妈为了工作，经常睡得很晚。,AUTH-TAD-0126,经常,7,9,TEMPORAL_ADVERBIAL,,B_边界复核集,纳入477条一致评测集,边界集/鲁棒性分析
SENT-0229,妈已经做好晚饭了。,AUTH-TAD-0196,已经,1,3,TEMPORAL_ADVERBIAL,,B_边界复核集,纳入477条一致评测集,边界集/鲁棒性分析
SENT-0230,妻子：我已经穿好衣服准备要走了，可孩子偏偏醒了。,AUTH-TAD-0240,已经,4,6,TEMPORAL_ADVERBIAL,,B_边界复核集,纳入477条一致评测集,边界集/鲁棒性分析
SENT-0231,学了一年，中村总算学会了几首中文歌。,AUTH-TAD-0282,一年,2,4,COMPLEMENT,,C_暂不纳入主实验,纳入477条一致评测集,待复核
SENT-0232,学校一月前后放假。,AUTH-TAD-0432,一月前后,2,6,OTHER,,C_暂不纳入主实验,纳入477条一致评测集,待复核
SENT-0233,学校到底哪一天放假?,AUTH-TAD-0181,一天,5,7,OTHER,,C_暂不纳入主实验,纳入477条一致评测集,待复核
SENT-0234,安娜：我这几天累得不行，周末想在家休息。,AUTH-TAD-0456,周末,12,14,TEMPORAL_ADVERBIAL,,A_主评测候选,纳入477条一致评测集,主实验/严格评测
SENT-0235,客人没有来，害得他白白忙了一下午。,AUTH-TAD-0340,下午,14,16,COMPLEMENT,,C_暂不纳入主实验,纳入477条一致评测集,待复核
SENT-0236,对不起，我马上走。,AUTH-TAD-0077,马上,5,7,TEMPORAL_ADVERBIAL,,B_边界复核集,纳入477条一致评测集,边界集/鲁棒性分析
SENT-0237,对不起，是我想得太简单了，我以后一定注意。,AUTH-TAD-0230,以后,14,16,OTHER,,C_暂不纳入主实验,纳入477条一致评测集,待复核
SENT-0238,小王通知大家明天来开会。,AUTH-TAD-0013,明天,6,8,TEMPORAL_ADVERBIAL,,B_边界复核集,纳入477条一致评测集,边界集/鲁棒性分析
SENT-0239,小的时候盼望着长大，长大了反倒开始怀念童年了。,AUTH-TAD-0450,小的时候,0,4,TEMPORAL_ADVERBIAL,,B_边界复核集,纳入477条一致评测集,边界集/鲁棒性分析
SENT-0240,就是想马上瘦下来你也不能每天不吃饭。,AUTH-TAD-0409,马上,3,5,TEMPORAL_ADVERBIAL,,B_边界复核集,纳入477条一致评测集,边界集/鲁棒性分析
SENT-0240,就是想马上瘦下来你也不能每天不吃饭。,AUTH-TAD-0069,每天,12,14,TEMPORAL_ADVERBIAL,,A_主评测候选,纳入477条一致评测集,主实验/严格评测
SENT-0241,就是说，你得从现在起重新规划了。,AUTH-TAD-0151,现在,7,9,TEMPORAL_ADVERBIAL,,C_暂不纳入主实验,纳入477条一致评测集,待复核
SENT-0242,工作了一天，我又饿又渴。,AUTH-TAD-0043,一天,3,5,COMPLEMENT,,B_边界复核集,纳入477条一致评测集,边界集/鲁棒性分析
SENT-0243,工作人员：前方正在施工，请勿靠近。,AUTH-TAD-0006,正在,7,9,TEMPORAL_ADVERBIAL,,B_边界复核集,纳入477条一致评测集,边界集/鲁棒性分析
SENT-0244,已经三天了，老板还没有答复我们。,AUTH-TAD-0066,三天,2,4,OTHER,,C_暂不纳入主实验,复核/剔除候选,待复核
SENT-0245,已经下班了，但他的办公室依旧亮着灯。,AUTH-TAD-0301,已经,0,2,TEMPORAL_ADVERBIAL,,B_边界复核集,纳入477条一致评测集,边界集/鲁棒性分析
SENT-0246,已经十一点了，快睡吧。,AUTH-TAD-0288,已经,0,2,TEMPORAL_ADVERBIAL,,C_暂不纳入主实验,纳入477条一致评测集,待复核
SENT-0246,已经十一点了，快睡吧。,AUTH-TAD-0302,十一点,2,5,OTHER,,C_暂不纳入主实验,复核/剔除候选,待复核
SENT-0247,已经快九点了，我连忙出门打车。,AUTH-TAD-0447,已经快九点了,0,6,OTHER,,C_暂不纳入主实验,纳入477条一致评测集,待复核
SENT-0247,已经快九点了，我连忙出门打车。,AUTH-TAD-0398,九点,3,5,OTHER,,C_暂不纳入主实验,复核/剔除候选,待复核
SENT-0248,已经离开美国了。,AUTH-TAD-0149,已经,0,2,TEMPORAL_ADVERBIAL,,B_边界复核集,纳入477条一致评测集,边界集/鲁棒性分析
SENT-0249,年轻人常常用手机上网。,AUTH-TAD-0255,常常,3,5,TEMPORAL_ADVERBIAL,,B_边界复核集,纳入477条一致评测集,边界集/鲁棒性分析
SENT-0250,幸亏你今天没迟到，否则这个月的奖金就没有了。,AUTH-TAD-0332,这个月,11,14,ATTRIBUTE,,C_暂不纳入主实验,纳入477条一致评测集,待复核
SENT-0251,开学以来，我从来没见过麦克。,AUTH-TAD-0395,开学以来,0,4,TEMPORAL_ADVERBIAL,,B_边界复核集,纳入477条一致评测集,边界集/鲁棒性分析
SENT-0252,张华现在说的话我都不知该不该信了。,AUTH-TAD-0373,现在,2,4,TEMPORAL_ADVERBIAL,,B_边界复核集,纳入477条一致评测集,边界集/鲁棒性分析
SENT-0253,张老师对学生可有耐心了，不但如此，还经常鼓励他们。,AUTH-TAD-0381,经常,18,20,TEMPORAL_ADVERBIAL,,B_边界复核集,纳入477条一致评测集,边界集/鲁棒性分析
SENT-0254,张莉真可怜，去年她父母去世，后来又把丈夫死了。,AUTH-TAD-0227,去年,6,8,TEMPORAL_ADVERBIAL,,B_边界复核集,纳入477条一致评测集,边界集/鲁棒性分析
SENT-0255,当时大家都不看好她的项目，但是她一直在努力，最终取得了成功。,AUTH-TAD-0339,当时,0,2,TEMPORAL_ADVERBIAL,,A_主评测候选,纳入477条一致评测集,主实验/严格评测
SENT-0256,当时我真着急了，不知说什么好。,AUTH-TAD-0473,当时,0,2,TEMPORAL_ADVERBIAL,,A_主评测候选,纳入477条一致评测集,主实验/严格评测
SENT-0257,怪不得他心里害怕，因为小时候曾被邻居家的狗咬过一回。,AUTH-TAD-0308,小时候,11,14,TEMPORAL_ADVERBIAL,,A_主评测候选,纳入477条一致评测集,主实验/严格评测
SENT-0258,您先休息吧，我们明天再来。,AUTH-TAD-0040,明天,8,10,TEMPORAL_ADVERBIAL,,A_主评测候选,纳入477条一致评测集,主实验/严格评测
SENT-0259,我不时想起过去的事情。,AUTH-TAD-0119,过去,5,7,ATTRIBUTE,,B_边界复核集,纳入477条一致评测集,边界集/鲁棒性分析
SENT-0260,我不是不帮你寄书，而是邮局已经下班了。,AUTH-TAD-0249,已经,13,15,TEMPORAL_ADVERBIAL,,B_边界复核集,纳入477条一致评测集,边界集/鲁棒性分析
SENT-0261,我不知道图书馆今天不开门，白白地跑了一趟。,AUTH-TAD-0363,今天,7,9,TEMPORAL_ADVERBIAL,,A_主评测候选,纳入477条一致评测集,主实验/严格评测
SENT-0262,我仅仅在这儿生活了一年而已，好多景点我都没去过。,AUTH-TAD-0310,一年,9,11,COMPLEMENT,,B_边界复核集,纳入477条一致评测集,边界集/鲁棒性分析
SENT-0263,我今天回来得晚，幸好没有被爸爸发现。,AUTH-TAD-0430,今天,1,3,TEMPORAL_ADVERBIAL,,A_主评测候选,纳入477条一致评测集,主实验/严格评测
SENT-0264,我今年都七十了。,AUTH-TAD-0111,今年,1,3,TEMPORAL_ADVERBIAL,,B_边界复核集,纳入477条一致评测集,边界集/鲁棒性分析
SENT-0265,我从2018年到现在，都没回家。,AUTH-TAD-0104,从2018年到现在,1,10,OTHER,,C_暂不纳入主实验,纳入477条一致评测集,待复核
SENT-0265,我从2018年到现在，都没回家。,AUTH-TAD-0144,从2018年到现在,1,10,OTHER,,C_暂不纳入主实验,纳入477条一致评测集,错误分析/待复核
SENT-0266,我从家走到学校要三四十分钟。,AUTH-TAD-0292,三四十分钟,8,13,COMPLEMENT,,B_边界复核集,纳入477条一致评测集,边界集/鲁棒性分析
SENT-0267,我们7月1号放假。,AUTH-TAD-0086,7月1号,2,6,OTHER,,C_暂不纳入主实验,纳入477条一致评测集,待复核
SENT-0268,我们三年前见过一面，此后再也没有见过。,AUTH-TAD-0185,三年前,2,5,OTHER,,C_暂不纳入主实验,纳入477条一致评测集,错误分析/待复核
SENT-0269,我们下周要去伦敦男子中学访问，该校已有五百多年的历史。,AUTH-TAD-0019,下周,2,4,TEMPORAL_ADVERBIAL,,A_主评测候选,纳入477条一致评测集,主实验/严格评测
SENT-0270,我们两位好友三十年后再度相遇，心情都很激动。,AUTH-TAD-0118,三十年,6,9,TEMPORAL_ADVERBIAL,,C_暂不纳入主实验,纳入477条一致评测集,待复核
SENT-0271,我们分开以后，彼此的联系少了。,AUTH-TAD-0421,我们分开以后,0,6,TEMPORAL_ADVERBIAL,,B_边界复核集,纳入477条一致评测集,边界集/鲁棒性分析
SENT-0272,我们大概走了十分钟。,AUTH-TAD-0296,十分钟,6,9,COMPLEMENT,,B_边界复核集,纳入477条一致评测集,边界集/鲁棒性分析
SENT-0273,我们工厂自开展创新活动以来，取得了一系列成果。,AUTH-TAD-0091,自开展创新活动以来,4,13,OTHER,,C_暂不纳入主实验,纳入477条一致评测集,待复核
SENT-0274,我们已经尽力了，再不成功就算了。,AUTH-TAD-0387,已经,2,4,TEMPORAL_ADVERBIAL,,B_边界复核集,纳入477条一致评测集,边界集/鲁棒性分析
SENT-0275,我们平时不能吃得太多、太好。,AUTH-TAD-0093,平时,2,4,TEMPORAL_ADVERBIAL,,A_主评测候选,纳入477条一致评测集,主实验/严格评测
SENT-0276,我们明天八点考试，是不是?,AUTH-TAD-0140,八点,4,6,TEMPORAL_ADVERBIAL,,C_暂不纳入主实验,纳入477条一致评测集,待复核
SENT-0277,我们明天再去商场。,AUTH-TAD-0224,明天,2,4,TEMPORAL_ADVERBIAL,,A_主评测候选,纳入477条一致评测集,主实验/严格评测
SENT-0278,我们有时在图书馆见面。,AUTH-TAD-0465,有时,2,4,TEMPORAL_ADVERBIAL,,A_主评测候选,纳入477条一致评测集,主实验/严格评测
SENT-0279,我们现在买不买机票?,AUTH-TAD-0431,现在,2,4,TEMPORAL_ADVERBIAL,,A_主评测候选,纳入477条一致评测集,主实验/严格评测
SENT-0280,我们现在前往参观的是非洲馆，该馆建立于2018年。,AUTH-TAD-0198,现在,2,4,TEMPORAL_ADVERBIAL,,A_主评测候选,纳入477条一致评测集,主实验/严格评测
SENT-0281,我们看到，很多在学校里学习成绩好的学生，工作以后未必表现出色。,AUTH-TAD-0315,工作以后,20,24,TEMPORAL_ADVERBIAL,,B_边界复核集,纳入477条一致评测集,边界集/鲁棒性分析
SENT-0282,我们认识不过两天而已，还不是很熟悉。,AUTH-TAD-0492,两天,6,8,COMPLEMENT,,B_边界复核集,纳入477条一致评测集,边界集/鲁棒性分析
SENT-0283,我们都半年没吃火锅了，这次一定要多吃点儿。,AUTH-TAD-0486,半年,3,5,TEMPORAL_ADVERBIAL,,B_边界复核集,纳入477条一致评测集,边界集/鲁棒性分析
SENT-0284,我先去上班了，晚上见。,AUTH-TAD-0253,晚上,7,9,TEMPORAL_ADVERBIAL,,B_边界复核集,纳入477条一致评测集,边界集/鲁棒性分析
SENT-0285,我到北京一个月了。,AUTH-TAD-0299,一个月,4,7,COMPLEMENT,,B_边界复核集,纳入477条一致评测集,边界集/鲁棒性分析
SENT-0286,我前天在路上意外地碰见了多年没见的老朋友。,AUTH-TAD-0286,前天,1,3,TEMPORAL_ADVERBIAL,,A_主评测候选,纳入477条一致评测集,主实验/严格评测
SENT-0287,我去了医院，医生已经下班了。,AUTH-TAD-0060,已经,8,10,TEMPORAL_ADVERBIAL,,B_边界复核集,纳入477条一致评测集,边界集/鲁棒性分析
SENT-0288,我周末不一定有空儿。,AUTH-TAD-0017,周末,1,3,TEMPORAL_ADVERBIAL,,B_边界复核集,纳入477条一致评测集,边界集/鲁棒性分析
SENT-0289,我回家的时候，他正在写作业。,AUTH-TAD-0469,正在,8,10,TEMPORAL_ADVERBIAL,,B_边界复核集,纳入477条一致评测集,边界集/鲁棒性分析
SENT-0290,我在这里工作过十年。,AUTH-TAD-0491,十年,7,9,COMPLEMENT,,B_边界复核集,纳入477条一致评测集,边界集/鲁棒性分析
SENT-0291,我太思念女朋友了，以至于晚上做梦总梦到她。,AUTH-TAD-0072,晚上,12,14,TEMPORAL_ADVERBIAL,,B_边界复核集,纳入477条一致评测集,边界集/鲁棒性分析
SENT-0292,我学了两年中文。,AUTH-TAD-0168,两年,3,5,COMPLEMENT,,B_边界复核集,纳入477条一致评测集,边界集/鲁棒性分析
SENT-0293,我小时候最不喜欢的就是体育课。,AUTH-TAD-0026,小时候,1,4,TEMPORAL_ADVERBIAL,,A_主评测候选,纳入477条一致评测集,主实验/严格评测
SENT-0294,我已经在这儿住了十年了。,AUTH-TAD-0495,十年,8,10,COMPLEMENT,,B_边界复核集,纳入477条一致评测集,边界集/鲁棒性分析
SENT-0295,我已经跟他说了很多遍，他依旧不明白。,AUTH-TAD-0042,已经,1,3,TEMPORAL_ADVERBIAL,,B_边界复核集,纳入477条一致评测集,边界集/鲁棒性分析
SENT-0296,我常常不吃早饭。,AUTH-TAD-0326,常常,1,3,TEMPORAL_ADVERBIAL,,B_边界复核集,纳入477条一致评测集,边界集/鲁棒性分析
SENT-0297,我常常和他一起玩儿。,AUTH-TAD-0210,常常,1,3,TEMPORAL_ADVERBIAL,,B_边界复核集,纳入477条一致评测集,边界集/鲁棒性分析
SENT-0298,我感冒了，幸好没发烧，不然今天就不能上班了。,AUTH-TAD-0048,今天,13,15,TEMPORAL_ADVERBIAL,,B_边界复核集,纳入477条一致评测集,边界集/鲁棒性分析
SENT-0299,我打算今天下课后先运动，完了回教室写作业。,AUTH-TAD-0384,今天,3,5,TEMPORAL_ADVERBIAL,,A_主评测候选,纳入477条一致评测集,主实验/严格评测
SENT-0300,我把这些零食吃了一个月。,AUTH-TAD-0354,一个月,8,11,COMPLEMENT,,B_边界复核集,纳入477条一致评测集,边界集/鲁棒性分析
SENT-0301,我明天下课后就去你那儿。,AUTH-TAD-0264,明天,1,3,TEMPORAL_ADVERBIAL,,A_主评测候选,纳入477条一致评测集,主实验/严格评测
SENT-0302,我最近太忙了，每天累得要死。,AUTH-TAD-0022,每天,7,9,TEMPORAL_ADVERBIAL,,A_主评测候选,纳入477条一致评测集,主实验/严格评测
SENT-0303,我每天都会去健身房进行一个小时的力量训练，以保持健康的体质。,AUTH-TAD-0095,每天,1,3,TEMPORAL_ADVERBIAL,,A_主评测候选,纳入477条一致评测集,主实验/严格评测
SENT-0304,我每年生日都收到很多礼物。,AUTH-TAD-0064,每年,1,3,ATTRIBUTE,,C_暂不纳入主实验,复核/剔除候选,待复核
SENT-0305,我现在很清醒，异常地清醒。,AUTH-TAD-0321,现在,1,3,TEMPORAL_ADVERBIAL,,A_主评测候选,纳入477条一致评测集,主实验/严格评测
SENT-0306,我现在忙得连吃饭的空儿都没有，别说去运动了。,AUTH-TAD-0179,现在,1,3,TEMPORAL_ADVERBIAL,,B_边界复核集,纳入477条一致评测集,边界集/鲁棒性分析
SENT-0307,我现在越发害怕传染上这种病了。,AUTH-TAD-0458,现在,1,3,TEMPORAL_ADVERBIAL,,A_主评测候选,纳入477条一致评测集,主实验/严格评测
SENT-0308,我的朋友马上就到。,AUTH-TAD-0058,马上,4,6,TEMPORAL_ADVERBIAL,,B_边界复核集,纳入477条一致评测集,边界集/鲁棒性分析
SENT-0309,我的票是昨天买的。,AUTH-TAD-0312,昨天,4,6,TEMPORAL_ADVERBIAL,,B_边界复核集,纳入477条一致评测集,边界集/鲁棒性分析
SENT-0310,我等了半天，你怎么才来?,AUTH-TAD-0314,半天,3,5,COMPLEMENT,,B_边界复核集,纳入477条一致评测集,边界集/鲁棒性分析
SENT-0311,我要尽快做完今天的作业。,AUTH-TAD-0243,今天,6,8,ATTRIBUTE,,B_边界复核集,纳入477条一致评测集,边界集/鲁棒性分析
SENT-0312,我要是知道是今天这结果，何必当初去创业呢?,AUTH-TAD-0313,今天,6,8,ATTRIBUTE,,B_边界复核集,纳入477条一致评测集,边界集/鲁棒性分析
SENT-0313,我要马上离开这儿，一天都不想留了。,AUTH-TAD-0372,马上,2,4,TEMPORAL_ADVERBIAL,,B_边界复核集,纳入477条一致评测集,边界集/鲁棒性分析
SENT-0314,我觉得头晕胸闷，感觉脉搏的跳动时有时无。,AUTH-TAD-0283,有时,16,18,OTHER,,C_暂不纳入主实验,纳入477条一致评测集,待复核
SENT-0315,我觉得真正要演好一个角色，别说三个月了，即使花一年以上也很难。,AUTH-TAD-0275,三个月,15,18,COMPLEMENT,,B_边界复核集,纳入477条一致评测集,边界集/鲁棒性分析
SENT-0315,我觉得真正要演好一个角色，别说三个月了，即使花一年以上也很难。,AUTH-TAD-0270,一年,23,25,COMPLEMENT,,B_边界复核集,纳入477条一致评测集,边界集/鲁棒性分析
SENT-0316,我马上从食堂出来。,AUTH-TAD-0103,马上,1,3,TEMPORAL_ADVERBIAL,,B_边界复核集,纳入477条一致评测集,边界集/鲁棒性分析
SENT-0317,或是你过来找我，或是我过去找你，反正我们必须见一面。,AUTH-TAD-0115,过去,11,13,OTHER,,C_暂不纳入主实验,纳入477条一致评测集,错误分析/待复核
SENT-0318,或者他们知道这样的教训，并且已经领教过很多次了。,AUTH-TAD-0203,已经,14,16,TEMPORAL_ADVERBIAL,,B_边界复核集,纳入477条一致评测集,边界集/鲁棒性分析
SENT-0319,所谓自私就是遇到事情的时候只想着自己。,AUTH-TAD-0171,遇到事情的时候,6,13,OTHER,,C_暂不纳入主实验,纳入477条一致评测集,待复核
SENT-0320,据估计，今年的出口量将超过去年。,AUTH-TAD-0242,今年,4,6,ATTRIBUTE,,B_边界复核集,纳入477条一致评测集,边界集/鲁棒性分析
SENT-0320,据估计，今年的出口量将超过去年。,AUTH-TAD-0076,过去,12,14,OTHER,,C_暂不纳入主实验,复核/剔除候选,待复核
SENT-0321,据最新资料，这种疾病的治疗已经有了突破。,AUTH-TAD-0080,已经,13,15,TEMPORAL_ADVERBIAL,,B_边界复核集,纳入477条一致评测集,边界集/鲁棒性分析
SENT-0322,放假的时候，你通常会做什么?,AUTH-TAD-0266,放假的时候,0,5,TEMPORAL_ADVERBIAL,,B_边界复核集,纳入477条一致评测集,边界集/鲁棒性分析
SENT-0323,旅行要去多长时间不确定，或两三天，或一两周。,AUTH-TAD-0061,两三天,13,16,OTHER,,B_边界复核集,纳入477条一致评测集,边界集/鲁棒性分析
SENT-0323,旅行要去多长时间不确定，或两三天，或一两周。,AUTH-TAD-0388,一两周,18,21,COMPLEMENT,,B_边界复核集,纳入477条一致评测集,边界集/鲁棒性分析
SENT-0324,既然身体不舒服，你今天干脆别去上课了。,AUTH-TAD-0498,今天,9,11,TEMPORAL_ADVERBIAL,,A_主评测候选,纳入477条一致评测集,主实验/严格评测
SENT-0325,既然这事你已经决定了，我就不说什么了。,AUTH-TAD-0035,已经,5,7,TEMPORAL_ADVERBIAL,,B_边界复核集,纳入477条一致评测集,边界集/鲁棒性分析
SENT-0326,既然项目交出去了，我以后不会再过问了。,AUTH-TAD-0020,以后,10,12,OTHER,,C_暂不纳入主实验,纳入477条一致评测集,待复核
SENT-0327,日子一天一天过去了。,AUTH-TAD-0281,一天,2,4,OTHER,,C_暂不纳入主实验,复核/剔除候选,待复核
SENT-0328,早上他们还是朋友，晚上就吵架了，这转变得未免也太快了。,AUTH-TAD-0130,早上,0,2,TEMPORAL_ADVERBIAL,,A_主评测候选,纳入477条一致评测集,主实验/严格评测
SENT-0328,早上他们还是朋友，晚上就吵架了，这转变得未免也太快了。,AUTH-TAD-0497,晚上,9,11,TEMPORAL_ADVERBIAL,,A_主评测候选,纳入477条一致评测集,主实验/严格评测
SENT-0329,早上六点也准醒。,AUTH-TAD-0123,早上六点,0,4,OTHER,,C_暂不纳入主实验,纳入477条一致评测集,待复核
SENT-0329,早上六点也准醒。,AUTH-TAD-0268,早上六点,0,4,OTHER,,C_暂不纳入主实验,纳入477条一致评测集,错误分析/待复核
SENT-0330,早上我吃了两个包子。,AUTH-TAD-0276,早上,0,2,TEMPORAL_ADVERBIAL,,A_主评测候选,纳入477条一致评测集,主实验/严格评测
SENT-0331,早什么早，现在都快中午了。,AUTH-TAD-0001,中午,9,11,OTHER,,C_暂不纳入主实验,纳入477条一致评测集,待复核
SENT-0332,明天上课，我们不能去看电影了。,AUTH-TAD-0394,明天,0,2,TEMPORAL_ADVERBIAL,,B_边界复核集,纳入477条一致评测集,边界集/鲁棒性分析
SENT-0333,明天也许会下雨。,AUTH-TAD-0293,明天,0,2,TEMPORAL_ADVERBIAL,,B_边界复核集,纳入477条一致评测集,边界集/鲁棒性分析
SENT-0334,明天大概七点起床吧?,AUTH-TAD-0261,明天,0,2,TEMPORAL_ADVERBIAL,,C_暂不纳入主实验,纳入477条一致评测集,待复核
SENT-0334,明天大概七点起床吧?,AUTH-TAD-0088,七点,4,6,TEMPORAL_ADVERBIAL,,C_暂不纳入主实验,纳入477条一致评测集,待复核
SENT-0335,明天天气怎么样呢?,AUTH-TAD-0488,明天,0,2,TEMPORAL_ADVERBIAL,,B_边界复核集,纳入477条一致评测集,边界集/鲁棒性分析
SENT-0336,明天如果天气好，我就去爬山。,AUTH-TAD-0028,明天,0,2,TEMPORAL_ADVERBIAL,,B_边界复核集,纳入477条一致评测集,边界集/鲁棒性分析
SENT-0337,明天您来学校吗?,AUTH-TAD-0125,明天,0,2,TEMPORAL_ADVERBIAL,,B_边界复核集,纳入477条一致评测集,边界集/鲁棒性分析
SENT-0338,明天我们上课吗?,AUTH-TAD-0201,明天,0,2,TEMPORAL_ADVERBIAL,,B_边界复核集,纳入477条一致评测集,边界集/鲁棒性分析
SENT-0339,明天早上还有会，你干脆早点儿休息吧。,AUTH-TAD-0023,明天早上,0,4,TEMPORAL_ADVERBIAL,,B_边界复核集,纳入477条一致评测集,边界集/鲁棒性分析
SENT-0340,明天比今天更热。,AUTH-TAD-0408,明天,0,2,OTHER,,C_暂不纳入主实验,纳入477条一致评测集,待复核
SENT-0341,明天的比赛你参加得了吗?,AUTH-TAD-0206,明天,0,2,ATTRIBUTE,,B_边界复核集,纳入477条一致评测集,边界集/鲁棒性分析
SENT-0342,明天还有什么需要带的?,AUTH-TAD-0443,明天,0,2,TEMPORAL_ADVERBIAL,,B_边界复核集,纳入477条一致评测集,边界集/鲁棒性分析
SENT-0343,明年我们将去国外考察。,AUTH-TAD-0427,明年,0,2,TEMPORAL_ADVERBIAL,,B_边界复核集,纳入477条一致评测集,边界集/鲁棒性分析
SENT-0344,明年的这个时候，我已经工作了。,AUTH-TAD-0463,明年,0,2,TEMPORAL_ADVERBIAL,,C_暂不纳入主实验,复核/剔除候选,待复核
SENT-0345,昨天不如今天凉快。,AUTH-TAD-0044,今天,4,6,OTHER,,C_暂不纳入主实验,纳入477条一致评测集,待复核
SENT-0346,昨天他不小心把玛丽的电脑弄坏了，幸好后来修好了，否则就得赔了。,AUTH-TAD-0037,后来,18,20,TEMPORAL_ADVERBIAL,,A_主评测候选,纳入477条一致评测集,主实验/严格评测
SENT-0347,昨天他比我早起二十分钟。,AUTH-TAD-0318,二十分钟,7,11,COMPLEMENT,,C_暂不纳入主实验,纳入477条一致评测集,待复核
SENT-0348,昨天会议的中心内容是什么?,AUTH-TAD-0214,昨天,0,2,TEMPORAL_ADVERBIAL,,B_边界复核集,纳入477条一致评测集,边界集/鲁棒性分析
SENT-0349,昨天写了一晚上作文，今天头疼得厉害。,AUTH-TAD-0189,昨天,0,2,TEMPORAL_ADVERBIAL,,A_主评测候选,纳入477条一致评测集,主实验/严格评测
SENT-0349,昨天写了一晚上作文，今天头疼得厉害。,AUTH-TAD-0414,晚上,5,7,OTHER,,C_暂不纳入主实验,复核/剔除候选,待复核
SENT-0350,昨天很冷，今天更冷了。,AUTH-TAD-0089,今天,5,7,OTHER,,C_暂不纳入主实验,纳入477条一致评测集,待复核
SENT-0351,昨天我亲眼看见了又大又亮的月亮挂在天空中。,AUTH-TAD-0036,昨天,0,2,TEMPORAL_ADVERBIAL,,B_边界复核集,纳入477条一致评测集,边界集/鲁棒性分析
SENT-0352,昨天我们去爬山，由于山高林密，手机无法导航，以致迷失了方向。,AUTH-TAD-0457,昨天,0,2,TEMPORAL_ADVERBIAL,,A_主评测候选,纳入477条一致评测集,主实验/严格评测
SENT-0353,昨天我又看了一遍。,AUTH-TAD-0055,昨天,0,2,TEMPORAL_ADVERBIAL,,A_主评测候选,纳入477条一致评测集,主实验/严格评测
SENT-0354,昨天我没/没有看电视。,AUTH-TAD-0291,昨天,0,2,TEMPORAL_ADVERBIAL,,A_主评测候选,纳入477条一致评测集,主实验/严格评测
SENT-0355,昨天的作业，你写了多久呢?,AUTH-TAD-0325,昨天,0,2,ATTRIBUTE,,B_边界复核集,纳入477条一致评测集,边界集/鲁棒性分析
SENT-0356,是几十年的朋友了。,AUTH-TAD-0343,十年,2,4,ATTRIBUTE,,C_暂不纳入主实验,纳入477条一致评测集,待复核
SENT-0357,是啊，今天的电影的确很感人。,AUTH-TAD-0479,今天,3,5,ATTRIBUTE,,B_边界复核集,纳入477条一致评测集,边界集/鲁棒性分析
SENT-0358,是啊，今天零下三十度，是今年最冷的一天了。,AUTH-TAD-0269,今天,3,5,TEMPORAL_ADVERBIAL,,A_主评测候选,纳入477条一致评测集,主实验/严格评测
SENT-0358,是啊，今天零下三十度，是今年最冷的一天了。,AUTH-TAD-0135,今年,12,14,TEMPORAL_ADVERBIAL,,B_边界复核集,纳入477条一致评测集,边界集/鲁棒性分析
SENT-0359,是啊，幸好现在有空调。,AUTH-TAD-0410,现在,5,7,TEMPORAL_ADVERBIAL,,A_主评测候选,纳入477条一致评测集,主实验/严格评测
SENT-0360,是啊，我经常看到他因一件小事而快乐。,AUTH-TAD-0477,经常,4,6,TEMPORAL_ADVERBIAL,,B_边界复核集,纳入477条一致评测集,边界集/鲁棒性分析
SENT-0361,晓雨今天没来学校，莫非出了什么事?,AUTH-TAD-0365,今天,2,4,TEMPORAL_ADVERBIAL,,A_主评测候选,纳入477条一致评测集,主实验/严格评测
SENT-0362,晚上九点才能到家。,AUTH-TAD-0068,晚上九点,0,4,OTHER,,C_暂不纳入主实验,纳入477条一致评测集,待复核
SENT-0362,晚上九点才能到家。,AUTH-TAD-0481,晚上九点,0,4,OTHER,,C_暂不纳入主实验,纳入477条一致评测集,待复核
SENT-0363,晚上吃面条儿怎么样?,AUTH-TAD-0244,晚上,0,2,TEMPORAL_ADVERBIAL,,A_主评测候选,纳入477条一致评测集,主实验/严格评测
SENT-0364,晚上的公园十分地安静。,AUTH-TAD-0451,晚上,0,2,ATTRIBUTE,,B_边界复核集,纳入477条一致评测集,边界集/鲁棒性分析
SENT-0365,最多两天而已，很快就回来了。,AUTH-TAD-0105,两天,2,4,OTHER,,B_边界复核集,纳入477条一致评测集,边界集/鲁棒性分析
SENT-0366,最近太累了，今天我得早点儿睡觉。,AUTH-TAD-0085,今天,6,8,TEMPORAL_ADVERBIAL,,A_主评测候选,纳入477条一致评测集,主实验/严格评测
SENT-0367,有时我们喜欢连名带姓叫老师李天明，像同学的称呼。,AUTH-TAD-0215,有时,0,2,TEMPORAL_ADVERBIAL,,A_主评测候选,纳入477条一致评测集,主实验/严格评测
SENT-0368,有的学校下午三点放学。,AUTH-TAD-0280,下午三点,4,8,OTHER,,C_暂不纳入主实验,纳入477条一致评测集,错误分析/待复核
SENT-0368,有的学校下午三点放学。,AUTH-TAD-0041,三点,6,8,TEMPORAL_ADVERBIAL,,C_暂不纳入主实验,纳入477条一致评测集,待复核
SENT-0369,木村于三年前结束了在中国的生活。,AUTH-TAD-0096,三年,3,5,TEMPORAL_ADVERBIAL,,B_边界复核集,纳入477条一致评测集,边界集/鲁棒性分析
SENT-0370,本来以为明天可以去爬山，不料却突然降温了。,AUTH-TAD-0385,明天,4,6,TEMPORAL_ADVERBIAL,,B_边界复核集,纳入477条一致评测集,边界集/鲁棒性分析
SENT-0371,来不及了，商场马上就关门了。,AUTH-TAD-0350,马上,7,9,TEMPORAL_ADVERBIAL,,B_边界复核集,纳入477条一致评测集,边界集/鲁棒性分析
SENT-0372,来中国才一年，他的中文竟然说得这么好了。,AUTH-TAD-0258,一年,4,6,COMPLEMENT,,B_边界复核集,纳入477条一致评测集,边界集/鲁棒性分析
SENT-0373,根据他平时的表现，这次比赛应该能获奖。,AUTH-TAD-0383,平时,3,5,ATTRIBUTE,,C_暂不纳入主实验,纳入477条一致评测集,待复核
SENT-0374,每周都给他们打电话。,AUTH-TAD-0237,每周,0,2,TEMPORAL_ADVERBIAL,,A_主评测候选,纳入477条一致评测集,主实验/严格评测
SENT-0375,每天回家吃饭，无非就是那几样菜。,AUTH-TAD-0490,每天,0,2,TEMPORAL_ADVERBIAL,,A_主评测候选,纳入477条一致评测集,主实验/严格评测
SENT-0376,每年的学费至少两万块。,AUTH-TAD-0008,每年,0,2,ATTRIBUTE,,B_边界复核集,纳入477条一致评测集,边界集/鲁棒性分析
SENT-0377,比起昨天来，今天凉快多了。,AUTH-TAD-0207,昨天,2,4,OTHER,,C_暂不纳入主实验,纳入477条一致评测集,待复核
SENT-0378,毕业以后，他时常会去学校拜访以前的老师。,AUTH-TAD-0320,毕业以后,0,4,TEMPORAL_ADVERBIAL,,B_边界复核集,纳入477条一致评测集,边界集/鲁棒性分析
SENT-0379,汽车从我旁边过去了。,AUTH-TAD-0287,过去,6,8,OTHER,,C_暂不纳入主实验,纳入477条一致评测集,待复核
SENT-0380,没有今天的劳动就没有明天的收获。,AUTH-TAD-0143,今天,2,4,ATTRIBUTE,,B_边界复核集,纳入477条一致评测集,边界集/鲁棒性分析
SENT-0380,没有今天的劳动就没有明天的收获。,AUTH-TAD-0311,明天,10,12,ATTRIBUTE,,B_边界复核集,纳入477条一致评测集,边界集/鲁棒性分析
SENT-0381,海浪已经平静下去了。,AUTH-TAD-0050,已经,2,4,TEMPORAL_ADVERBIAL,,B_边界复核集,纳入477条一致评测集,边界集/鲁棒性分析
SENT-0382,爷爷比去年更加精神一些。,AUTH-TAD-0137,去年,3,5,OTHER,,C_暂不纳入主实验,纳入477条一致评测集,待复核
SENT-0383,爸爸昨天跟我说起他上小学时的事。,AUTH-TAD-0459,昨天,2,4,TEMPORAL_ADVERBIAL,,A_主评测候选,纳入477条一致评测集,主实验/严格评测
SENT-0384,爸爸正生着气呢，你非现在说不可吗?,AUTH-TAD-0352,现在,10,12,TEMPORAL_ADVERBIAL,,A_主评测候选,纳入477条一致评测集,主实验/严格评测
SENT-0385,王一正忙着呢，人家没有时间陪你出去。,AUTH-TAD-0120,有时,10,12,OTHER,,C_暂不纳入主实验,纳入477条一致评测集,待复核
SENT-0386,王强去年考入我校，该生遵守纪律，学习认真，尊敬师长，团结同学。,AUTH-TAD-0200,去年,2,4,TEMPORAL_ADVERBIAL,,B_边界复核集,纳入477条一致评测集,边界集/鲁棒性分析
SENT-0387,王经理今年的销售业绩又拿了第一。,AUTH-TAD-0478,今年,3,5,ATTRIBUTE,,B_边界复核集,纳入477条一致评测集,边界集/鲁棒性分析
SENT-0388,王老师经常表扬她。,AUTH-TAD-0014,经常,3,5,TEMPORAL_ADVERBIAL,,B_边界复核集,纳入477条一致评测集,边界集/鲁棒性分析
SENT-0389,现在八点二十分。,AUTH-TAD-0390,现在,0,2,TEMPORAL_ADVERBIAL,,A_主评测候选,纳入477条一致评测集,主实验/严格评测
SENT-0390,现在公司的新员工尽是博士。,AUTH-TAD-0300,现在,0,2,TEMPORAL_ADVERBIAL,,A_主评测候选,纳入477条一致评测集,主实验/严格评测
SENT-0391,现在很多村庄由于饮用水被污染不得不搬迁。,AUTH-TAD-0265,现在,0,2,TEMPORAL_ADVERBIAL,,A_主评测候选,纳入477条一致评测集,主实验/严格评测
SENT-0392,现在我的愿望终于实现了。,AUTH-TAD-0474,现在,0,2,TEMPORAL_ADVERBIAL,,B_边界复核集,纳入477条一致评测集,边界集/鲁棒性分析
SENT-0393,现在才八点，别急。,AUTH-TAD-0148,现在,0,2,TEMPORAL_ADVERBIAL,,A_主评测候选,纳入477条一致评测集,主实验/严格评测
SENT-0394,现在时间很紧张，我们的计划肯定来不及完成了。,AUTH-TAD-0090,现在,0,2,TEMPORAL_ADVERBIAL,,A_主评测候选,纳入477条一致评测集,主实验/严格评测
SENT-0395,现在爸爸的精力比过去越发充沛了。,AUTH-TAD-0098,现在,0,2,TEMPORAL_ADVERBIAL,,A_主评测候选,纳入477条一致评测集,主实验/严格评测
SENT-0395,现在爸爸的精力比过去越发充沛了。,AUTH-TAD-0289,过去,8,10,OTHER,,C_暂不纳入主实验,复核/剔除候选,待复核
SENT-0396,现在特别想睡觉。,AUTH-TAD-0034,现在,0,2,TEMPORAL_ADVERBIAL,,A_主评测候选,纳入477条一致评测集,主实验/严格评测
SENT-0397,现在终究是冬天了，就是不刮风也很冷。,AUTH-TAD-0082,现在,0,2,TEMPORAL_ADVERBIAL,,A_主评测候选,纳入477条一致评测集,主实验/严格评测
SENT-0398,现在都五月了，按说不应该这么冷了。,AUTH-TAD-0358,现在,0,2,TEMPORAL_ADVERBIAL,,C_暂不纳入主实验,纳入477条一致评测集,待复核
SENT-0398,现在都五月了，按说不应该这么冷了。,AUTH-TAD-0031,五月,3,5,OTHER,,C_暂不纳入主实验,纳入477条一致评测集,待复核
SENT-0399,现在都十二点了，按理说她早该睡觉了，别给她发短信了。,AUTH-TAD-0007,十二点,3,6,OTHER,,C_暂不纳入主实验,纳入477条一致评测集,待复核
SENT-0400,现在都十二点了，按说她早该睡觉了，别给她发短信了。,AUTH-TAD-0252,现在,0,2,TEMPORAL_ADVERBIAL,,C_暂不纳入主实验,纳入477条一致评测集,待复核
SENT-0400,现在都十二点了，按说她早该睡觉了，别给她发短信了。,AUTH-TAD-0436,十二点,3,6,OTHER,,C_暂不纳入主实验,纳入477条一致评测集,待复核
SENT-0401,电话里已经告诉他了，另外，我又写了一封信过去。,AUTH-TAD-0232,已经,3,5,TEMPORAL_ADVERBIAL,,B_边界复核集,纳入477条一致评测集,边界集/鲁棒性分析
SENT-0402,病人正在休息，你不能进去。,AUTH-TAD-0375,正在,2,4,TEMPORAL_ADVERBIAL,,B_边界复核集,纳入477条一致评测集,边界集/鲁棒性分析
SENT-0403,“的”一般出现在句尾，也可以出现在动词和宾语的中间。,AUTH-TAD-0188,现在,6,8,OTHER,,C_暂不纳入主实验,纳入477条一致评测集,待复核
SENT-0404,目前的情况与去年完全不同。,AUTH-TAD-0294,目前,0,2,ATTRIBUTE,,B_边界复核集,纳入477条一致评测集,边界集/鲁棒性分析
SENT-0404,目前的情况与去年完全不同。,AUTH-TAD-0092,去年,6,8,OTHER,,C_暂不纳入主实验,复核/剔除候选,待复核
SENT-0405,目前资金尚缺五十万。,AUTH-TAD-0183,目前,0,2,TEMPORAL_ADVERBIAL,,B_边界复核集,纳入477条一致评测集,边界集/鲁棒性分析
SENT-0406,看到那张照片，我不禁回忆起过去美好的日子。,AUTH-TAD-0248,过去,13,15,TEMPORAL_ADVERBIAL,,B_边界复核集,纳入477条一致评测集,边界集/鲁棒性分析
SENT-0407,看来以后不能熬夜了。,AUTH-TAD-0330,以后,2,4,OTHER,,C_暂不纳入主实验,纳入477条一致评测集,待复核
SENT-0408,研究所成立于1984年。,AUTH-TAD-0009,1984年,6,11,COMPLEMENT,,B_边界复核集,纳入477条一致评测集,边界集/鲁棒性分析
SENT-0409,突然听到明天放假的消息，我一直半信半疑。,AUTH-TAD-0460,明天,4,6,TEMPORAL_ADVERBIAL,,A_主评测候选,纳入477条一致评测集,主实验/严格评测
SENT-0410,约好了八点见面，他竟然迟到了一个小时。,AUTH-TAD-0236,八点,3,5,TEMPORAL_ADVERBIAL,,B_边界复核集,纳入477条一致评测集,边界集/鲁棒性分析
SENT-0411,经理把这个会议延长了四十分钟。,AUTH-TAD-0146,四十分钟,10,14,COMPLEMENT,,B_边界复核集,纳入477条一致评测集,边界集/鲁棒性分析
SENT-0412,经过这场病，他的身体反倒比以前好了。,AUTH-TAD-0054,以前,13,15,COMPLEMENT,,C_暂不纳入主实验,复核/剔除候选,待复核
SENT-0413,老同学，我现在遇到了困难，需要你帮我一把。,AUTH-TAD-0247,现在,5,7,TEMPORAL_ADVERBIAL,,A_主评测候选,纳入477条一致评测集,主实验/严格评测
SENT-0414,老师不时地提醒我们别忘了今天的作业。,AUTH-TAD-0389,今天,12,14,ATTRIBUTE,,B_边界复核集,纳入477条一致评测集,边界集/鲁棒性分析
SENT-0415,老师经常和我们一起讨论问题。,AUTH-TAD-0127,经常,2,4,TEMPORAL_ADVERBIAL,,B_边界复核集,纳入477条一致评测集,边界集/鲁棒性分析
SENT-0416,考试的时候别说话。,AUTH-TAD-0357,考试的时候,0,5,TEMPORAL_ADVERBIAL,,B_边界复核集,纳入477条一致评测集,边界集/鲁棒性分析
SENT-0417,考试的时候，大家不要东张西望。,AUTH-TAD-0453,考试的时候,0,5,TEMPORAL_ADVERBIAL,,B_边界复核集,纳入477条一致评测集,边界集/鲁棒性分析
SENT-0418,而我常常选择在教室里及时复习功课。,AUTH-TAD-0267,常常,2,4,TEMPORAL_ADVERBIAL,,B_边界复核集,纳入477条一致评测集,边界集/鲁棒性分析
SENT-0419,自开业以来，这个饭馆的生意每天都很好。,AUTH-TAD-0021,每天,13,15,TEMPORAL_ADVERBIAL,,B_边界复核集,纳入477条一致评测集,边界集/鲁棒性分析
SENT-0420,自开学以来，我已经读完三本小说了。,AUTH-TAD-0434,自开学以来,0,5,TEMPORAL_ADVERBIAL,,B_边界复核集,纳入477条一致评测集,边界集/鲁棒性分析
SENT-0421,莫非昨天来找我的就是小王?,AUTH-TAD-0231,昨天,2,4,TEMPORAL_ADVERBIAL,,A_主评测候选,纳入477条一致评测集,主实验/严格评测
SENT-0422,行，我们最后一次一起爬山已是十年前，往事久矣。,AUTH-TAD-0279,十年,14,16,COMPLEMENT,,B_边界复核集,纳入477条一致评测集,边界集/鲁棒性分析
SENT-0423,观众今天被他的演技所征服，报以热烈的掌声。,AUTH-TAD-0073,今天,2,4,TEMPORAL_ADVERBIAL,,B_边界复核集,纳入477条一致评测集,边界集/鲁棒性分析
SENT-0424,觉，现在太累了。,AUTH-TAD-0045,现在,2,4,OTHER,,C_暂不纳入主实验,复核/剔除候选,待复核
SENT-0425,认真的学生每天都写作业。,AUTH-TAD-0182,每天,5,7,TEMPORAL_ADVERBIAL,,A_主评测候选,纳入477条一致评测集,主实验/严格评测
SENT-0426,让我三天就完成，你分明是在为难我。,AUTH-TAD-0376,三天,2,4,TEMPORAL_ADVERBIAL,,B_边界复核集,纳入477条一致评测集,边界集/鲁棒性分析
SENT-0427,议，正在修改方案。,AUTH-TAD-0297,正在,2,4,TEMPORAL_ADVERBIAL,,B_边界复核集,纳入477条一致评测集,边界集/鲁棒性分析
SENT-0428,请明天来我这里。,AUTH-TAD-0235,明天,1,3,TEMPORAL_ADVERBIAL,,B_边界复核集,纳入477条一致评测集,边界集/鲁棒性分析
SENT-0429,距离交作业的日期还有几天呢，明天做来得及。,AUTH-TAD-0425,明天,14,16,TEMPORAL_ADVERBIAL,,B_边界复核集,纳入477条一致评测集,边界集/鲁棒性分析
SENT-0430,车来了，我马上下去。,AUTH-TAD-0374,马上,5,7,TEMPORAL_ADVERBIAL,,B_边界复核集,纳入477条一致评测集,边界集/鲁棒性分析
SENT-0431,过年过节的时候，他就异常想念远方的亲人。,AUTH-TAD-0341,过年过节的时候,0,7,TEMPORAL_ADVERBIAL,,B_边界复核集,纳入477条一致评测集,边界集/鲁棒性分析
SENT-0432,还名牌儿手机呢，没用一年就坏了。,AUTH-TAD-0448,一年,10,12,COMPLEMENT,,B_边界复核集,纳入477条一致评测集,边界集/鲁棒性分析
SENT-0433,还经常帮助同学。,AUTH-TAD-0335,经常,1,3,TEMPORAL_ADVERBIAL,,B_边界复核集,纳入477条一致评测集,边界集/鲁棒性分析
SENT-0434,这一去时间或长或短，长的话要一两年，短的话两三个月就能回来。,AUTH-TAD-0362,两三个月,21,25,TEMPORAL_ADVERBIAL,,B_边界复核集,纳入477条一致评测集,边界集/鲁棒性分析
SENT-0435,这个假期他没有出去玩儿，反而在公司加了三天班。,AUTH-TAD-0139,三天,19,21,ATTRIBUTE,,C_暂不纳入主实验,复核/剔除候选,待复核
SENT-0436,这个周末我或者在家学习，或者和朋友去看电影。,AUTH-TAD-0191,周末,2,4,TEMPORAL_ADVERBIAL,,C_暂不纳入主实验,纳入477条一致评测集,待复核
SENT-0437,这个地方很受欢迎，今年的游客人数比去年增加了两倍。,AUTH-TAD-0107,今年,9,11,ATTRIBUTE,,B_边界复核集,纳入477条一致评测集,边界集/鲁棒性分析
SENT-0437,这个地方很受欢迎，今年的游客人数比去年增加了两倍。,AUTH-TAD-0464,去年,17,19,OTHER,,C_暂不纳入主实验,纳入477条一致评测集,待复核
SENT-0438,这个工作得三天才能做完。,AUTH-TAD-0141,三天,5,7,COMPLEMENT,,B_边界复核集,纳入477条一致评测集,边界集/鲁棒性分析
SENT-0439,这个演员曾经很有名。,AUTH-TAD-0070,曾经,4,6,TEMPORAL_ADVERBIAL,,B_边界复核集,纳入477条一致评测集,边界集/鲁棒性分析
SENT-0440,这个话题常常被提到。,AUTH-TAD-0370,常常,4,6,TEMPORAL_ADVERBIAL,,B_边界复核集,纳入477条一致评测集,边界集/鲁棒性分析
SENT-0441,这个调查到现在为止尚无进展。,AUTH-TAD-0114,到现在为止,4,9,OTHER,,C_暂不纳入主实验,纳入477条一致评测集,待复核
SENT-0442,这么多任务他三天就完成了，可见他的工作效率很高。,AUTH-TAD-0145,三天,6,8,TEMPORAL_ADVERBIAL,,B_边界复核集,纳入477条一致评测集,边界集/鲁棒性分析
SENT-0443,这么晚了，他今天不会来了吧?,AUTH-TAD-0132,今天,6,8,TEMPORAL_ADVERBIAL,,A_主评测候选,纳入477条一致评测集,主实验/严格评测
SENT-0444,这些文件你一齐送过去。,AUTH-TAD-0199,过去,8,10,OTHER,,C_暂不纳入主实验,纳入477条一致评测集,错误分析/待复核
SENT-0445,这几年的冬天都很冷，而今年冬天格外冷。,AUTH-TAD-0422,今年,11,13,TEMPORAL_ADVERBIAL,,B_边界复核集,纳入477条一致评测集,边界集/鲁棒性分析
SENT-0446,这台机器已经用了20年了，太落后了，说什么也得换一台。,AUTH-TAD-0029,已经,4,6,TEMPORAL_ADVERBIAL,,B_边界复核集,纳入477条一致评测集,边界集/鲁棒性分析
SENT-0446,这台机器已经用了20年了，太落后了，说什么也得换一台。,AUTH-TAD-0487,20年,8,11,COMPLEMENT,,B_边界复核集,纳入477条一致评测集,边界集/鲁棒性分析
SENT-0447,这台电脑我用了三年了。,AUTH-TAD-0396,三年,7,9,COMPLEMENT,,B_边界复核集,纳入477条一致评测集,边界集/鲁棒性分析
SENT-0448,这孩子已经不怕水了，但仍旧不喜欢游泳。,AUTH-TAD-0005,已经,3,5,TEMPORAL_ADVERBIAL,,B_边界复核集,纳入477条一致评测集,边界集/鲁棒性分析
SENT-0449,这家银行周末不开门，也就是说我们白来了。,AUTH-TAD-0184,周末,4,6,TEMPORAL_ADVERBIAL,,B_边界复核集,纳入477条一致评测集,边界集/鲁棒性分析
SENT-0450,这是我们对于明年工作的计划和安排，请多提意见。,AUTH-TAD-0160,明年,6,8,TEMPORAL_ADVERBIAL,,B_边界复核集,纳入477条一致评测集,边界集/鲁棒性分析
SENT-0451,这样的事情经常有。,AUTH-TAD-0202,经常,5,7,TEMPORAL_ADVERBIAL,,B_边界复核集,纳入477条一致评测集,边界集/鲁棒性分析
SENT-0452,这次考试非常难，甚至平时学习好的学生都不及格。,AUTH-TAD-0415,平时,10,12,TEMPORAL_ADVERBIAL,,B_边界复核集,纳入477条一致评测集,边界集/鲁棒性分析
SENT-0453,这衣服上是什么东西啊，洗了半天也没洗掉。,AUTH-TAD-0012,半天,13,15,COMPLEMENT,,C_暂不纳入主实验,纳入477条一致评测集,待复核
SENT-0454,进公司一看表刚好是九点。,AUTH-TAD-0403,九点,9,11,OTHER,,C_暂不纳入主实验,复核/剔除候选,待复核
SENT-0455,退休以后他偶尔会来学校看看。,AUTH-TAD-0212,退休以后,0,4,TEMPORAL_ADVERBIAL,,B_边界复核集,纳入477条一致评测集,边界集/鲁棒性分析
SENT-0456,道理归道理，实际归实际，有时候根本说不清。,AUTH-TAD-0204,有时候,12,15,OTHER,,C_暂不纳入主实验,纳入477条一致评测集,错误分析/待复核
SENT-0457,那时天已经黑了，况且人又是坐在车上，肯定看不清楚。,AUTH-TAD-0024,已经,3,5,TEMPORAL_ADVERBIAL,,B_边界复核集,纳入477条一致评测集,边界集/鲁棒性分析
SENT-0458,都十二点了，你才起床。,AUTH-TAD-0194,十二点,1,4,OTHER,,C_暂不纳入主实验,纳入477条一致评测集,待复核
SENT-0459,采访中，这位明星提到了小时候的经历。,AUTH-TAD-0380,小时候,11,14,ATTRIBUTE,,B_边界复核集,纳入477条一致评测集,边界集/鲁棒性分析
SENT-0460,野炊活动之所以推迟，是由于天气预报说明天下雨。,AUTH-TAD-0305,明天,18,20,TEMPORAL_ADVERBIAL,,A_主评测候选,纳入477条一致评测集,主实验/严格评测
SENT-0461,钱没挣着，去年却把老公跑了。,AUTH-TAD-0178,去年,5,7,TEMPORAL_ADVERBIAL,,B_边界复核集,纳入477条一致评测集,边界集/鲁棒性分析
SENT-0462,银行这么多人，我们明天再来吧。,AUTH-TAD-0180,明天,9,11,TEMPORAL_ADVERBIAL,,A_主评测候选,纳入477条一致评测集,主实验/严格评测
SENT-0463,长大以后，我时常怀念我的故乡。,AUTH-TAD-0102,长大以后,0,4,TEMPORAL_ADVERBIAL,,B_边界复核集,纳入477条一致评测集,边界集/鲁棒性分析
SENT-0464,除下大雨以外，他每天都坚持跑步。,AUTH-TAD-0049,每天,8,10,TEMPORAL_ADVERBIAL,,A_主评测候选,纳入477条一致评测集,主实验/严格评测
SENT-0465,飞机又晚点了，可见今天天气情况不太好。,AUTH-TAD-0337,今天,9,11,TEMPORAL_ADVERBIAL,,B_边界复核集,纳入477条一致评测集,边界集/鲁棒性分析
SENT-0466,饮料同蛋糕已经准备好了，我们开始吧。,AUTH-TAD-0441,已经,5,7,TEMPORAL_ADVERBIAL,,B_边界复核集,纳入477条一致评测集,边界集/鲁棒性分析
SENT-0467,马上去还来得及。,AUTH-TAD-0382,马上,0,2,TEMPORAL_ADVERBIAL,,B_边界复核集,纳入477条一致评测集,边界集/鲁棒性分析
SENT-0468,麦克，祝贺你昨天的演讲比赛得了第一名。,AUTH-TAD-0483,昨天,6,8,ATTRIBUTE,,B_边界复核集,纳入477条一致评测集,边界集/鲁棒性分析
