rule_id,rule_name,function,priority,cues,positive_pattern,negative_pattern,positive_example,negative_example,authority_source,source_scope,source_page,status,notes,authority_ids,rule_family,decision_question,boundary_case_type,risk_level
R_TEMP_ADV_01,谓前时间名词作事件时间状语,TEMPORAL_ADVERBIAL,90,TIME_NOUN|BEFORE_PREDICATE|EVENT_TIME,时间名词位于事件谓词前并说明动作发生时间,时间名词后接“是/很”等构成判断或描写主语,昨天他去了北京。,昨天是星期一。,《国际中文教育中文水平等级标准·语法学习手册》初等；状语：表示时间、处所的词语作状语,初等目录及状语条目,entry_or_chapter_locator_to_verify_before_submission,active,核心时间状语规则,MOE_2021_STANDARD|GRAMMAR_MANUAL_INTERMEDIATE|HUANG_LIAO_MODERN_CHINESE|LIU_PAN_GU_PRACTICAL_GRAMMAR,temporal_adverbial_diagnosis,Does the temporal expression modify the event or predicate rather than a noun or the whole nominal subject?,core,medium
R_TEMP_ADV_02,句中谓前时间名词作状语,TEMPORAL_ADVERBIAL,88,TIME_NOUN|BEFORE_PREDICATE|EVENT_TIME,时间名词位于主语后谓词前并修饰谓词,时间名词后接“的”修饰名词,他昨天去了北京。,昨天的安排很好。,《国际中文教育中文水平等级标准·语法学习手册》初等；状语条目,初等状语条目,entry_or_chapter_locator_to_verify_before_submission,active,处理主语后时间状语,MOE_2021_STANDARD|GRAMMAR_MANUAL_INTERMEDIATE|HUANG_LIAO_MODERN_CHINESE|LIU_PAN_GU_PRACTICAL_GRAMMAR,temporal_adverbial_diagnosis,Does the temporal expression modify the event or predicate rather than a noun or the whole nominal subject?,extension,medium
R_TEMP_ADV_03,时间介词短语作状语,TEMPORAL_ADVERBIAL,86,TEMPORAL_PREP|TIME_POINT|BEFORE_PREDICATE,在/从/到/直到/于等引导时间短语且位于谓词前,处所介词短语或位于动词后表示落点,在春节期间我们回了老家。,老师把考试安排在下周。,《语法学习手册》初等/中等；介词与状语相关条目,介词和状语条目,entry_or_chapter_locator_to_verify_before_submission,active,需区分时间介词和处所介词,MOE_2021_STANDARD|GRAMMAR_MANUAL_INTERMEDIATE|HUANG_LIAO_MODERN_CHINESE|LIU_PAN_GU_PRACTICAL_GRAMMAR,temporal_adverbial_diagnosis,Does the temporal expression modify the event or predicate rather than a noun or the whole nominal subject?,extension,medium
R_TEMP_ADV_04,频率或重复副词作时间状语,TEMPORAL_ADVERBIAL,84,TIME_FREQUENCY|BEFORE_PREDICATE|EVENT_TIME,每天/经常/常常/时时等修饰谓词表示频率,频率词不修饰谓词或作为名词性成分,他每天早上跑步。,每天的安排都不同。,《语法学习手册》中等；频率、重复副词条目,中等时间副词/频率副词条目,entry_or_chapter_locator_to_verify_before_submission,active,覆盖频率副词,MOE_2021_STANDARD|GRAMMAR_MANUAL_INTERMEDIATE|HUANG_LIAO_MODERN_CHINESE|LIU_PAN_GU_PRACTICAL_GRAMMAR,temporal_adverbial_diagnosis,Does the temporal expression modify the event or predicate rather than a noun or the whole nominal subject?,extension,medium
R_TEMP_ADV_05,时间框架位于主句前作状语,TEMPORAL_ADVERBIAL,83,TIME_AFTER_BEFORE|BEFORE_PREDICATE|EVENT_TIME,下课以后/毕业以后/考试前/春节期间位于主句前并限定主句事件,该结构修饰名词或无主句事件,下课以后，他去了食堂。,下课以后的安排还没定。,《语法学习手册》初等/中等；连动句和时间框架表达相关条目,时间先后和连动条目,entry_or_chapter_locator_to_verify_before_submission,active,覆盖前置时间从句,MOE_2021_STANDARD|GRAMMAR_MANUAL_INTERMEDIATE|HUANG_LIAO_MODERN_CHINESE|LIU_PAN_GU_PRACTICAL_GRAMMAR,temporal_adverbial_diagnosis,Does the temporal expression modify the event or predicate rather than a noun or the whole nominal subject?,extension,medium
R_TEMP_ADV_06,从X到Y时间范围作状语,TEMPORAL_ADVERBIAL,82,TIME_RANGE|TEMPORAL_PREP|BEFORE_PREDICATE,从X到Y位于谓词前表示事件持续时间范围,位于名词前作定语或无事件谓词,从早上到晚上，他一直在等。,从早上到晚上的会议很累。,《语法学习手册》；介词“从/到”和状语相关条目,介词条目,entry_or_chapter_locator_to_verify_before_submission,active,范围时间状语,MOE_2021_STANDARD|GRAMMAR_MANUAL_INTERMEDIATE|HUANG_LIAO_MODERN_CHINESE|LIU_PAN_GU_PRACTICAL_GRAMMAR,temporal_adverbial_diagnosis,Does the temporal expression modify the event or predicate rather than a noun or the whole nominal subject?,extension,medium
R_TEMP_ADV_07,截止或终点框架作状语,TEMPORAL_ADVERBIAL,80,TEMPORAL_PREP|TIME_NOUN|BEFORE_PREDICATE,到/截至/直到等位于句首或谓前表示事件实现时间条件,位于动词后表示补语终点,到明年，他就毕业了。,他一直等到晚上。,现代汉语语法与对外汉语教学语法关于介词短语和补语的区分,时间介词和补语边界,entry_or_chapter_locator_to_verify_before_submission,active,与补语规则存在竞争,MOE_2021_STANDARD|GRAMMAR_MANUAL_INTERMEDIATE|HUANG_LIAO_MODERN_CHINESE|LIU_PAN_GU_PRACTICAL_GRAMMAR,temporal_adverbial_diagnosis,Does the temporal expression modify the event or predicate rather than a noun or the whole nominal subject?,extension,medium
R_TEMP_ATTR_01,时间表达加“的”修饰名词,ATTRIBUTE,95,DE_PARTICLE|NOMINAL_HEAD,时间表达后接“的”并直接修饰名词,时间表达后接谓词而非名词,明天的会议取消了。,明天开会。,《语法学习手册》初等；定语：名词性词语作定语,初等定语条目,entry_or_chapter_locator_to_verify_before_submission,active,最高优先级之一,GRAMMAR_MANUAL_ELEMENTARY|HUANG_LIAO_MODERN_CHINESE|LIU_PAN_GU_PRACTICAL_GRAMMAR,temporal_attribute_boundary,Does the temporal expression belong inside a noun phrase as a modifier?,core,medium
R_TEMP_ATTR_02,时量短语加“的”修饰名词,ATTRIBUTE,94,TIME_DURATION|DE_PARTICLE|NOMINAL_HEAD,时量短语后接“的”修饰名词,动词后时量短语表示持续时长,三小时的会议很累。,会议持续了三小时。,《语法学习手册》初等/中等；定语与时量补语相关条目,定语和时量补语条目,entry_or_chapter_locator_to_verify_before_submission,active,区分定语和补语,GRAMMAR_MANUAL_ELEMENTARY|HUANG_LIAO_MODERN_CHINESE|LIU_PAN_GU_PRACTICAL_GRAMMAR,temporal_attribute_boundary,Does the temporal expression belong inside a noun phrase as a modifier?,extension,medium
R_TEMP_ATTR_03,时间表达作为名词短语内部修饰语,ATTRIBUTE,88,TIME_NOUN|NOMINAL_HEAD,时间表达位于名词前并构成活动/安排/会议等名词短语,时间表达直接修饰谓词事件,他计划明天的活动。,他明天计划活动。,对外汉语教学语法中名词性修饰语作定语相关说明,定语条目,entry_or_chapter_locator_to_verify_before_submission,active,用于“计划明天的活动”,GRAMMAR_MANUAL_ELEMENTARY|HUANG_LIAO_MODERN_CHINESE|LIU_PAN_GU_PRACTICAL_GRAMMAR,temporal_attribute_boundary,Does the temporal expression belong inside a noun phrase as a modifier?,extension,medium
R_TEMP_COMP_01,动词后时量短语作时量补语,COMPLEMENT,96,AFTER_VERB|TIME_DURATION|DURATION_COMPLEMENT,动词/形容词后出现时量短语表示持续时间,时量短语在谓词前表示事件时间范围,他学习了三小时。,他在三小时内完成作业。,《语法学习手册》中等；时量补语条目,中等补语条目,entry_or_chapter_locator_to_verify_before_submission,active,最高优先级之一,GRAMMAR_MANUAL_INTERMEDIATE|HSK4_GRAMMAR_SYLLABUS|HUANG_LIAO_MODERN_CHINESE|LIU_PAN_GU_PRACTICAL_GRAMMAR,temporal_complement_boundary,Does the temporal expression occur after a predicate and supplement duration endpoint or scheduled time?,core,medium
R_TEMP_COMP_02,持续类动词后时量补语,COMPLEMENT,95,AFTER_VERB|TIME_DURATION|DURATION_COMPLEMENT,持续/等/住/学习等动词后接时量成分表示持续,时量成分修饰名词,会议持续了三小时。,三小时的会议很累。,《语法学习手册》中等；动量补语/时量补语条目,中等目录显示时量补语,entry_or_chapter_locator_to_verify_before_submission,active,持续类谓词,GRAMMAR_MANUAL_INTERMEDIATE|HSK4_GRAMMAR_SYLLABUS|HUANG_LIAO_MODERN_CHINESE|LIU_PAN_GU_PRACTICAL_GRAMMAR,temporal_complement_boundary,Does the temporal expression occur after a predicate and supplement duration endpoint or scheduled time?,extension,medium
R_TEMP_COMP_03,等到/到达终点时间作补语,COMPLEMENT,90,AFTER_VERB|TEMPORAL_PREP|TIME_POINT,动词后“到+时间”表示动作终点或结果时间,句首“到+时间”作时间框架状语,他一直等到晚上。,到明年，他就毕业了。,现代汉语补语研究；对外汉语教学语法相关补语条目,补语和介词边界,entry_or_chapter_locator_to_verify_before_submission,active,与ADV07竞争,GRAMMAR_MANUAL_INTERMEDIATE|HSK4_GRAMMAR_SYLLABUS|HUANG_LIAO_MODERN_CHINESE|LIU_PAN_GU_PRACTICAL_GRAMMAR,temporal_complement_boundary,Does the temporal expression occur after a predicate and supplement duration endpoint or scheduled time?,extension,medium
R_TEMP_COMP_04,安排在/定在时间点作落点补语,COMPLEMENT,88,AFTER_VERB|TEMPORAL_PREP|TIME_POINT,安排/定/改在+时间表示事件安排落点,在+时间位于谓词前表示事件时间,老师把考试安排在下周。,考试在下周举行。,对外汉语教学语法中结果/处所时间落点表达,补语和介词短语边界,entry_or_chapter_locator_to_verify_before_submission,active,处理安排类动词,GRAMMAR_MANUAL_INTERMEDIATE|HSK4_GRAMMAR_SYLLABUS|HUANG_LIAO_MODERN_CHINESE|LIU_PAN_GU_PRACTICAL_GRAMMAR,temporal_complement_boundary,Does the temporal expression occur after a predicate and supplement duration endpoint or scheduled time?,extension,medium
R_TEMP_SUBJ_01,时间词作判断句主语,SUBJECT,96,TIME_NOUN|COPULA_SHI|SENTENCE_INITIAL,时间表达位于句首且后接“是”构成判断对象,时间表达后接事件谓词并修饰动作,昨天是星期一。,昨天他去了北京。,现代汉语主谓句；《语法学习手册》主谓句和“是”字句条目,主谓句/是字句条目,entry_or_chapter_locator_to_verify_before_submission,active,最高优先级之一,GRAMMAR_MANUAL_ELEMENTARY|HUANG_LIAO_MODERN_CHINESE|LIU_PAN_GU_PRACTICAL_GRAMMAR,temporal_subject_topic_boundary,Is the temporal expression the subject or topic of a judgment or description?,core,medium
R_TEMP_SUBJ_02,时间词作描写句主语或话题,SUBJECT,92,TIME_NOUN|STATIVE_PREDICATE|SENTENCE_INITIAL,时间表达位于句首且后接性质形容词/状态谓词,时间表达位于谓词前修饰事件动作,今天很冷。,今天他去学校。,现代汉语主谓句；形容词谓语句相关条目,形容词谓语句,entry_or_chapter_locator_to_verify_before_submission,active,处理“今天很冷”,GRAMMAR_MANUAL_ELEMENTARY|HUANG_LIAO_MODERN_CHINESE|LIU_PAN_GU_PRACTICAL_GRAMMAR,temporal_subject_topic_boundary,Is the temporal expression the subject or topic of a judgment or description?,extension,medium
R_TEMP_SUBJ_03,指示数量时间短语作话题主语,SUBJECT,88,TIME_DURATION|SENTENCE_INITIAL|STATIVE_PREDICATE,这三天/这几年等作话题并接受性质描写,同类短语位于动词后表示补语,这三天很忙。,他忙了三天。,现代汉语话题主语和时量表达相关研究,话题主语,entry_or_chapter_locator_to_verify_before_submission,active,处理“这三天”,GRAMMAR_MANUAL_ELEMENTARY|HUANG_LIAO_MODERN_CHINESE|LIU_PAN_GU_PRACTICAL_GRAMMAR,temporal_subject_topic_boundary,Is the temporal expression the subject or topic of a judgment or description?,extension,medium
R_TEMP_OBJ_01,心理动词后时间表达作宾语,OBJECT,92,PSYCHOLOGICAL_VERB|TIME_NOUN|AFTER_VERB,怀念/讨厌/喜欢等心理评价动词后接时间名词作宾语,时间词位于谓词前修饰事件,我怀念昨天。,昨天我怀念他。,《语法学习手册》中等；心理动词可带宾语的结构说明,动宾结构条目,entry_or_chapter_locator_to_verify_before_submission,active,心理动词宾语,GRAMMAR_MANUAL_ELEMENTARY|HUANG_LIAO_MODERN_CHINESE|LIU_PAN_GU_PRACTICAL_GRAMMAR,temporal_object_boundary,Is the temporal expression selected by a preceding verb as its object?,core,medium
R_TEMP_OBJ_02,评价动词后季节时间名词作宾语,OBJECT,88,PSYCHOLOGICAL_VERB|TIME_NOUN|AFTER_VERB,讨厌/喜欢/怀念等后接季节或时间概念作宾语,季节时间词位于谓词前作状语或话题,他讨厌漫长的冬天。,冬天他不出门。,现代汉语动宾结构；时间名词语义类别,动宾结构,entry_or_chapter_locator_to_verify_before_submission,active,季节名词宾语,GRAMMAR_MANUAL_ELEMENTARY|HUANG_LIAO_MODERN_CHINESE|LIU_PAN_GU_PRACTICAL_GRAMMAR,temporal_object_boundary,Is the temporal expression selected by a preceding verb as its object?,extension,medium
R_TEMP_OTHER_01,处所介词短语非时间表达,OTHER,90,LOCATION_EXPRESSION|NO_TEMPORAL_EXPRESSION,在+处所名词且无时间语义,在+时间名词作时间状语,他在学校学习。,他在明天上午学习。,《语法学习手册》初等；方位名词和处所表达条目,方位名词/处所条目,entry_or_chapter_locator_to_verify_before_submission,active,防止处所误判,PROJECT_ANNOTATION_GUIDE|HUANG_LIAO_MODERN_CHINESE|LIU_PAN_GU_PRACTICAL_GRAMMAR,non_target_or_uncertain_boundary,Is the candidate non-temporal incomplete conflicting or outside the target grammar point?,core,medium
R_TEMP_OTHER_02,方位名词短语非时间表达,OTHER,88,LOCATION_EXPRESSION|NOMINAL_HEAD|NO_TEMPORAL_EXPRESSION,桌子上/学校里等方位名词短语无时间语义,早上/晚上等时间名词,桌子上的书不见了。,早上的课取消了。,《语法学习手册》初等；方位名词条目,方位名词条目,entry_or_chapter_locator_to_verify_before_submission,active,处所和时间词形近边界,PROJECT_ANNOTATION_GUIDE|HUANG_LIAO_MODERN_CHINESE|LIU_PAN_GU_PRACTICAL_GRAMMAR,non_target_or_uncertain_boundary,Is the candidate non-temporal incomplete conflicting or outside the target grammar point?,extension,medium
R_TEMP_OTHER_03,抽象名词“时间”非具体时间状语,OTHER,82,TIME_WORD_AMBIGUOUS,时间作为抽象名词或话题不修饰事件发生时间,具体时间词修饰事件谓词,时间过得很快。,昨天他去了北京。,现代汉语时间名词和抽象名词用法相关研究,时间名词边界,entry_or_chapter_locator_to_verify_before_submission,active,处理“时间”一词,PROJECT_ANNOTATION_GUIDE|HUANG_LIAO_MODERN_CHINESE|LIU_PAN_GU_PRACTICAL_GRAMMAR,non_target_or_uncertain_boundary,Is the candidate non-temporal incomplete conflicting or outside the target grammar point?,extension,medium
R_TEMP_UNCERTAIN_01,证据冲突需人工复核,OTHER,10,CONFLICTING_EVIDENCE,多个高优先级规则同时触发且指向不同功能,单一高优先级规则明确触发,明天的会议在上午举行。,明天他开会。,人工标注指南边界案例,标注指南,项目内维护,active,保留人工复核入口,PROJECT_ANNOTATION_GUIDE|HUANG_LIAO_MODERN_CHINESE|LIU_PAN_GU_PRACTICAL_GRAMMAR,non_target_or_uncertain_boundary,Is the candidate non-temporal incomplete conflicting or outside the target grammar point?,core,medium
R_TEMP_UNCERTAIN_02,候选边界不完整需修正,OTHER,8,SPAN_BOUNDARY_ERROR,候选只截取时间短语一部分导致功能无法判断,候选边界完整,明天上午八点出发中只抽到明天。,明天上午八点出发。,人工标注指南边界案例,标注指南,项目内维护,active,用于审核时间表达提取,PROJECT_ANNOTATION_GUIDE|HUANG_LIAO_MODERN_CHINESE|LIU_PAN_GU_PRACTICAL_GRAMMAR,non_target_or_uncertain_boundary,Is the candidate non-temporal incomplete conflicting or outside the target grammar point?,extension,medium
R_TEMP_ADV_08,时间副词修饰形容词性谓语,TEMPORAL_ADVERBIAL,78,TIME_ADVERB|BEFORE_PREDICATE,刚才/现在等位于谓语前说明状态成立时间,时间词作为句子主语接受描写,他刚才还在这里。,刚才很尴尬。,《语法学习手册》中等；时间副词条目,中等时间副词条目,entry_or_chapter_locator_to_verify_before_submission,active,时间副词状语,MOE_2021_STANDARD|GRAMMAR_MANUAL_INTERMEDIATE|HUANG_LIAO_MODERN_CHINESE|LIU_PAN_GU_PRACTICAL_GRAMMAR,temporal_adverbial_diagnosis,Does the temporal expression modify the event or predicate rather than a noun or the whole nominal subject?,extension,medium
R_TEMP_ADV_09,时限短语在谓前作完成时限状语,TEMPORAL_ADVERBIAL,76,TEMPORAL_PREP|TIME_DURATION|BEFORE_PREDICATE,在X内位于谓词前表示完成时限,动词后X表示持续时间,他在三小时内完成作业。,他学习了三小时。,现代汉语介词短语作状语；对外汉语时间表达教学,介词短语/时量补语边界,entry_or_chapter_locator_to_verify_before_submission,active,区分“在三小时内”和“三小时”,MOE_2021_STANDARD|GRAMMAR_MANUAL_INTERMEDIATE|HUANG_LIAO_MODERN_CHINESE|LIU_PAN_GU_PRACTICAL_GRAMMAR,temporal_adverbial_diagnosis,Does the temporal expression modify the event or predicate rather than a noun or the whole nominal subject?,extension,medium
R_TEMP_ADV_10,节日或阶段名词短语作时间状语,TEMPORAL_ADVERBIAL,75,TIME_NOUN|TIME_POINT|BEFORE_PREDICATE,春节期间/考试期间等阶段名词短语限定事件时间,阶段名词短语加“的”修饰名词,春节期间，我们回了老家。,春节期间的安排很满。,《语法学习手册》；期间类时间框架表达,时间框架,entry_or_chapter_locator_to_verify_before_submission,active,阶段时间框架,MOE_2021_STANDARD|GRAMMAR_MANUAL_INTERMEDIATE|HUANG_LIAO_MODERN_CHINESE|LIU_PAN_GU_PRACTICAL_GRAMMAR,temporal_adverbial_diagnosis,Does the temporal expression modify the event or predicate rather than a noun or the whole nominal subject?,extension,medium
R_TEMP_ATTR_04,节日或阶段短语加“的”作定语,ATTRIBUTE,74,TIME_POINT|DE_PARTICLE|NOMINAL_HEAD,春节期间/考试前后等后接“的”修饰名词,同类短语位于主句前修饰事件,春节期间的安排很满。,春节期间我们回家。,《语法学习手册》；定语和时间框架表达,定语条目,entry_or_chapter_locator_to_verify_before_submission,active,时间框架定语,GRAMMAR_MANUAL_ELEMENTARY|HUANG_LIAO_MODERN_CHINESE|LIU_PAN_GU_PRACTICAL_GRAMMAR,temporal_attribute_boundary,Does the temporal expression belong inside a noun phrase as a modifier?,extension,medium
R_TEMP_COMP_05,完成类动词后结果时间表达作补语,COMPLEMENT,70,AFTER_VERB|RESULT_TIME,动词后时间表达说明动作结果落点或完成时间,谓前时间表达说明事件发生时间,会议改到明天。,明天会议改期。,现代汉语结果补语和时间落点表达,补语边界,entry_or_chapter_locator_to_verify_before_submission,active,后续扩展,GRAMMAR_MANUAL_INTERMEDIATE|HSK4_GRAMMAR_SYLLABUS|HUANG_LIAO_MODERN_CHINESE|LIU_PAN_GU_PRACTICAL_GRAMMAR,temporal_complement_boundary,Does the temporal expression occur after a predicate and supplement duration endpoint or scheduled time?,extension,medium
R_TEMP_ADV_11,一般时间副词作状语,TEMPORAL_ADVERBIAL,73,TIME_ADVERB|TIME_FREQUENCY,已经/曾经/起初/长期/一直/同时/立即/后来/不久等时间副词修饰谓词或状态,时间副词片段边界不完整或修饰名词,他已经出发了。,已经是傍晚了。,《语法学习手册》中等；时间副词与频率副词条目,中等时间副词条目,entry_or_chapter_locator_to_verify_before_submission,active,真实语料高频时间副词,MOE_2021_STANDARD|GRAMMAR_MANUAL_INTERMEDIATE|HUANG_LIAO_MODERN_CHINESE|LIU_PAN_GU_PRACTICAL_GRAMMAR,temporal_adverbial_diagnosis,Does the temporal expression modify the event or predicate rather than a noun or the whole nominal subject?,extension,medium
R_TEMP_ADV_12,具体钟点作时间状语,TEMPORAL_ADVERBIAL,82,TIME_POINT|CLOCK_TIME|BEFORE_PREDICATE,六点/下午三点等具体钟点位于谓词前说明事件时间,钟点表达位于动词后作时间落点补足语,老人早晨从6点开始。,会议定在6点。,现代汉语时间词和介词短语作状语相关说明,时间点状语,entry_or_chapter_locator_to_verify_before_submission,active,覆盖钟点表达,MOE_2021_STANDARD|GRAMMAR_MANUAL_INTERMEDIATE|HUANG_LIAO_MODERN_CHINESE|LIU_PAN_GU_PRACTICAL_GRAMMAR,temporal_adverbial_diagnosis,Does the temporal expression modify the event or predicate rather than a noun or the whole nominal subject?,extension,medium
R_TEMP_ADV_13,年份日期位于谓词前作事件时间状语,TEMPORAL_ADVERBIAL,81,TIME_POINT|DATE_EXPRESSION|BEFORE_PREDICATE,年份/年月/年月日位于谓词前说明事件发生时间,年份日期位于生于/成立于等动词后作补足成分,1976年，国家拨专款。,玛丽娜公主生于1906年。,现代汉语时间名词作状语；对外汉语时间表达教学,年份日期表达,entry_or_chapter_locator_to_verify_before_submission,active,覆盖真实语料年月日,MOE_2021_STANDARD|GRAMMAR_MANUAL_INTERMEDIATE|HUANG_LIAO_MODERN_CHINESE|LIU_PAN_GU_PRACTICAL_GRAMMAR,temporal_adverbial_diagnosis,Does the temporal expression modify the event or predicate rather than a noun or the whole nominal subject?,extension,medium
R_TEMP_ADV_14,不定时间名词作事件时间状语,TEMPORAL_ADVERBIAL,77,INDEFINITE_TIME|BEFORE_PREDICATE,有一天/某天/一天等不定时间表达位于谓词前表示事件发生时间,不定时间表达作为数量宾语或名词短语成分,有一天接到一个通知。,他等了一天。,现代汉语时间名词及叙事时间框架相关说明,不定时间表达,entry_or_chapter_locator_to_verify_before_submission,active,覆盖叙事语料,MOE_2021_STANDARD|GRAMMAR_MANUAL_INTERMEDIATE|HUANG_LIAO_MODERN_CHINESE|LIU_PAN_GU_PRACTICAL_GRAMMAR,temporal_adverbial_diagnosis,Does the temporal expression modify the event or predicate rather than a noun or the whole nominal subject?,extension,medium
R_TEMP_ADV_15,指代性时间词作状语,TEMPORAL_ADVERBIAL,76,DEICTIC_TIME|BEFORE_PREDICATE,这时/其间/同日/同年/此时/当时等指代性时间词位于谓词前说明事件时间,指代性时间词作为名词短语内部修饰语,同日推出优惠计划。,同年的计划取消。,现代汉语指示时间词与篇章衔接相关说明,指代时间词,entry_or_chapter_locator_to_verify_before_submission,active,覆盖百科叙事中的时间照应,MOE_2021_STANDARD|GRAMMAR_MANUAL_INTERMEDIATE|HUANG_LIAO_MODERN_CHINESE|LIU_PAN_GU_PRACTICAL_GRAMMAR,temporal_adverbial_diagnosis,Does the temporal expression modify the event or predicate rather than a noun or the whole nominal subject?,extension,medium
R_TEMP_ATTR_05,年份日期加“时/的”修饰名词,ATTRIBUTE,93,DATE_EXPRESSION|DE_PARTICLE|NOMINAL_HEAD,年份日期后接“时的/的”并修饰人口/情况/计划等名词,年份日期位于谓词前修饰事件,2009年时的人口为323人。,2009年该市人口增加。,现代汉语定语；时间名词作定语相关说明,时间定语,entry_or_chapter_locator_to_verify_before_submission,active,覆盖“2009年时的人口”,GRAMMAR_MANUAL_ELEMENTARY|HUANG_LIAO_MODERN_CHINESE|LIU_PAN_GU_PRACTICAL_GRAMMAR,temporal_attribute_boundary,Does the temporal expression belong inside a noun phrase as a modifier?,extension,medium
R_TEMP_ATTR_06,时量表达加“的”作名词定语,ATTRIBUTE,92,TIME_DURATION|DE_PARTICLE,时量表达后接“的”修饰名词或构成名词性定语,时量表达位于动词后表示持续时间,22分钟的油量。,统治了24年。,现代汉语数量短语作定语；对外汉语定语条目,时量定语,entry_or_chapter_locator_to_verify_before_submission,active,覆盖边界含“的”的时量定语,GRAMMAR_MANUAL_ELEMENTARY|HUANG_LIAO_MODERN_CHINESE|LIU_PAN_GU_PRACTICAL_GRAMMAR,temporal_attribute_boundary,Does the temporal expression belong inside a noun phrase as a modifier?,extension,medium
R_TEMP_COMP_06,生于/成立于/始于后年份日期作补足成分,COMPLEMENT,97,AFTER_VERB|RESULT_TIME|DATE_EXPRESSION,生于/成立于/始于/终于等动词后接年份日期表示时间落点或结果时间,年份日期位于句首或谓前表示事件发生时间,玛丽娜公主生于1906年。,1906年玛丽娜公主出生。,现代汉语动词后时间落点；补语和介词短语边界,后置时间落点,entry_or_chapter_locator_to_verify_before_submission,active,高优先级后置时间补足,GRAMMAR_MANUAL_INTERMEDIATE|HSK4_GRAMMAR_SYLLABUS|HUANG_LIAO_MODERN_CHINESE|LIU_PAN_GU_PRACTICAL_GRAMMAR,temporal_complement_boundary,Does the temporal expression occur after a predicate and supplement duration endpoint or scheduled time?,extension,medium
R_TEMP_COMP_07,动词后时量短语表示持续或经历时间,COMPLEMENT,94,AFTER_VERB|TIME_DURATION,动词后时量短语表示持续/经历/统治/休息时间,时量短语位于谓词前表示时间范围或时限,他统治了24年。,他在24年后返回。,现代汉语时量补语；对外汉语时量补语条目,时量补语,entry_or_chapter_locator_to_verify_before_submission,active,覆盖真实语料动词后时量,GRAMMAR_MANUAL_INTERMEDIATE|HSK4_GRAMMAR_SYLLABUS|HUANG_LIAO_MODERN_CHINESE|LIU_PAN_GU_PRACTICAL_GRAMMAR,temporal_complement_boundary,Does the temporal expression occur after a predicate and supplement duration endpoint or scheduled time?,extension,medium
R_TEMP_COMP_08,后置“之后/以后/为止”作时间终点或后置补足,COMPLEMENT,89,AFTER_VERB|TIME_AFTER_BEFORE,之后/以后/为止等位于动词性短语后表示事件后续或终点,同类成分位于句首修饰主句事件,朝鲜王朝建立之后。,之后他去了北京。,现代汉语方位/时间后置成分与补语边界,后置时间成分,entry_or_chapter_locator_to_verify_before_submission,active,覆盖“建立之后/频道之后”,GRAMMAR_MANUAL_INTERMEDIATE|HSK4_GRAMMAR_SYLLABUS|HUANG_LIAO_MODERN_CHINESE|LIU_PAN_GU_PRACTICAL_GRAMMAR,temporal_complement_boundary,Does the temporal expression occur after a predicate and supplement duration endpoint or scheduled time?,extension,medium
R_TEMP_OTHER_04,时间候选边界异常或非目标表达,OTHER,95,SPAN_BOUNDARY_ERROR,候选为“早前在/的时候/下”等明显边界不完整或非独立时间表达,候选边界完整可独立判断,早前在,早前,人工标注指南边界案例,标注指南,项目内维护,active,避免边界错误被硬判为状语,PROJECT_ANNOTATION_GUIDE|HUANG_LIAO_MODERN_CHINESE|LIU_PAN_GU_PRACTICAL_GRAMMAR,non_target_or_uncertain_boundary,Is the candidate non-temporal incomplete conflicting or outside the target grammar point?,extension,medium
R_TEMP_ADV_16,在X后前相对时间框架作状语,TEMPORAL_ADVERBIAL,87,TIME_DURATION|TIME_AFTER_BEFORE|RELATIVE_TIME_FRAME|BEFORE_PREDICATE,“在/于+时量或时间点+后/前”位于谓词前，整体限定后续事件发生的相对时间。,时量短语位于动词后且无“后/前”等框架标记时，通常是时量补语。,在十五年后，他恢复了声名。,他统治了十五年。,《实用现代汉语语法》时间词语与时量补语边界；《现代汉语》状语和补语章节,相对时间框架；谓前状语与动后补语区分,entry_or_chapter_locator_to_verify_before_submission,active,用于区分“在十五年后”和“统治了十五年”。,LIU_PAN_GU_PRACTICAL_GRAMMAR|HUANG_LIAO_MODERN_CHINESE|GRAMMAR_MANUAL_INTERMEDIATE,relative_time_frame_boundary,Is the duration embedded in a before-predicate relative-time frame rather than post-verbal duration?,marginal,medium
R_TEMP_ADV_17,X后前整体位于谓词前作状语,TEMPORAL_ADVERBIAL,85,TIME_DURATION|TIME_AFTER_BEFORE|BEFORE_PREDICATE,“三天后/19天后/两年前”等整体位于谓词前，表示事件相对发生时间。,如果候选只截出“三天”而漏掉“后/前”，应优先标为边界不完整或要求修正 span。,19天后，他离开了那里。,他等了19天。,《现代汉语》时间名词和方位词短语作状语；《实用现代汉语语法》时间框架表达,相对时间词组；span 完整性,entry_or_chapter_locator_to_verify_before_submission,active,要求候选最好包含“后/前”，否则记录边界风险。,HUANG_LIAO_MODERN_CHINESE|LIU_PAN_GU_PRACTICAL_GRAMMAR|PROJECT_ANNOTATION_GUIDE,relative_time_frame_boundary,Does the candidate include the relative marker 后/前 and modify a following event?,marginal,medium
R_TEMP_ADV_18,直到截至X为止作截止时间状语,TEMPORAL_ADVERBIAL,99,TEMPORAL_ENDPOINT_FRAME|DATE_EXPRESSION|BEFORE_PREDICATE,“直到/截至/至+时间+为止”形成截止时间框架，限定状态或事件持续范围。,动词后“等到/拖到+时间”更接近动后终点补足。,直到1841年为止，她一直担任家庭教师。,他一直等到晚上。,《现代汉语八百词》直到/截至等时间连接或介词用法；《实用现代汉语语法》时间范围表达,截止时间框架；谓前状语与动后终点补语区分,entry_or_chapter_locator_to_verify_before_submission,active,解决“直到1841年为止”被误当动后补语的问题。 优先级高于动后时间落点规则，因为“直到/截至...为止”整体是外层截止框架。,LU_1999_800_WORDS|LIU_PAN_GU_PRACTICAL_GRAMMAR|HUANG_LIAO_MODERN_CHINESE,endpoint_time_frame_boundary,Is the time expression licensed by an endpoint frame such as 直到/截至...为止?,marginal,medium
R_TEMP_ADV_19,篇章时间指示词作状语,TEMPORAL_ADVERBIAL,84,TIME_ADVERB|BEFORE_PREDICATE|EVENT_TIME,“时/现在/目前/当时”等位于谓词或判断成分前，说明命题成立的时间背景。,“时间”作为抽象名词或主语时不标为状语。,时为台湾五大学府。,时间过得很快。,现代汉语时间副词和时间名词分类研究；《现代汉语八百词》时间副词条目,篇章时间指示；时间副词/时间名词边界,entry_or_chapter_locator_to_verify_before_submission,active,覆盖百科语体中的单字“时”和“现在也被称为”。,LU_1999_800_WORDS|ZHANG_2000_ADVERBS|HUANG_LIAO_MODERN_CHINESE,temporal_adverb_boundary,Does the expression function as a discourse temporal adverbial before the predicate or judgment?,marginal,medium
R_TEMP_ATTR_07,年月日无的作名词定语,ATTRIBUTE,91,DATE_EXPRESSION|NOMINAL_HEAD,年份、月份或日期直接位于名词前，虽无“的”，但属于名词短语内部定语。,年份日期后接事件谓词时，通常是时间状语。,2007年10月汇率发生变化。,2007年10月，汇率发生变化。,《现代汉语》定语章节；《实用现代汉语语法》名词性修饰语说明,无“的”时间定语；年月日名词短语,entry_or_chapter_locator_to_verify_before_submission,active,用于“以2007年10月汇率计算”一类结构。,HUANG_LIAO_MODERN_CHINESE|LIU_PAN_GU_PRACTICAL_GRAMMAR|GRAMMAR_MANUAL_ELEMENTARY,temporal_attribute_boundary,Is the date immediately modifying a noun inside the noun phrase without 的?,marginal,medium
R_TEMP_COMP_09,之后以前后置时间成分,COMPLEMENT,91,POSTPOSED_TEMPORAL_MARKER|AFTER_VERB|TIME_AFTER_BEFORE,“之后/以前/以后/之前”附着在前一动词性或名词性成分后，构成后置时间成分，不修饰后续谓词时优先判为补足/后置成分。,同类成分位于句首并修饰后续主句事件时，标为时间状语。,朝鲜王朝建立之后。,之后，他去了北京。,《实用现代汉语语法》方位词/时间后置成分；《现代汉语》补语和方位短语相关说明,后置时间成分；句首时间框架边界,entry_or_chapter_locator_to_verify_before_submission,active,用于“频道之后”“建立之后”“回到拉合尔之后”等边界。,LIU_PAN_GU_PRACTICAL_GRAMMAR|HUANG_LIAO_MODERN_CHINESE|PROJECT_ANNOTATION_GUIDE,postposed_temporal_marker_boundary,Is 之后/以前/以后/之前 attached to the preceding phrase rather than modifying a following event?,marginal,high
R_TEMP_KG_OTHER_01,复核非目标风险优先判非目标,OTHER,130,REVIEW_NON_TARGET_RISK,清洗和歧义证据显示该候选属于非目标时间表达或来源页码线索缺失，应优先进入复核/非目标通道。,无风险标记且可由句法线索明确判为状语、定语或补语。,早什么早，现在都快中午了。,今天我去了学校。,项目数据清洗规范；标注指南边界案例,非目标时间表达；数据质量风险,project_internal_audit_rule,active,该规则只使用KG中的清洗分层和歧义风险节点，不改动标注数据。,PROJECT_ANNOTATION_GUIDE|HUANG_LIAO_MODERN_CHINESE|LIU_PAN_GU_PRACTICAL_GRAMMAR,kg_quality_adjudication,Does the candidate carry a non-target or source-risk flag that should block automatic temporal-adverbial use?,review_gate,high
R_TEMP_KG_ATTR_01,显性“的”字时间定语优先,ATTRIBUTE,128,ATTR_DE_DIRECT,时间表达后紧接“的”并修饰名词性成分时优先判为时间定语。,“的时候”等时间框架不按普通定语处理。,今天的会议很重要。,今天我去了学校。,“的”字定语与状语边界依据《现代汉语》《实用现代汉语语法》,时间定语；的字结构,entry_or_chapter_locator_to_verify_before_submission,active,解决“今天的任务/昨天的作业/目前的情况”等被状语规则吞掉的问题。,HUANG_LIAO_MODERN_CHINESE|LIU_PAN_GU_PRACTICAL_GRAMMAR|GRAMMAR_MANUAL_ELEMENTARY,kg_attribute_priority,Is the temporal expression followed by 的 and functioning inside a noun phrase?,core_boundary,high
R_TEMP_KG_COMP_01,动后时量补语强证据,COMPLEMENT,127,COMPLEMENT_DURATION_CONTEXT,时量成分出现在动词、形容词或体标记后，表示动作持续、经历或结果时长时优先判为补语。,时量成分位于谓词前并限定事件发生时间时判为状语。,我学了两年中文。,两年后我去了中国。,“时量补语”依据《现代汉语》《实用现代汉语语法》,动后时量；补语,entry_or_chapter_locator_to_verify_before_submission,active,解决“学了两年/工作了七八天/等了半天”等旧规则未覆盖问题。,HUANG_LIAO_MODERN_CHINESE|LIU_PAN_GU_PRACTICAL_GRAMMAR|HSK4_GRAMMAR_SYLLABUS,kg_complement_priority,Does the duration follow a predicate or aspect marker and supplement duration/result rather than modify a following event?,core_boundary,high
R_TEMP_KG_ATTR_02,名词短语内部时间修饰优先,ATTRIBUTE,126,ATTR_NOMINAL_DIRECT,时间表达直接位于名词性中心语前，构成名词短语内部修饰语时优先判为定语。,时间表达后直接接事件谓词时判为状语。,每年生日我都收到礼物。,每年我都收到礼物。,“定语”依据《现代汉语》《实用现代汉语语法》,无“的”时间定语；名词短语内部结构,entry_or_chapter_locator_to_verify_before_submission,active,覆盖“每年生日/今天作业/今年游客人数”等无的或弱的定语结构。,HUANG_LIAO_MODERN_CHINESE|LIU_PAN_GU_PRACTICAL_GRAMMAR|GRAMMAR_MANUAL_ELEMENTARY,kg_attribute_priority,Is the temporal expression immediately embedded in a noun phrase?,core_boundary,medium
R_TEMP_KG_OTHER_02,比较或状态句中的非目标时间,OTHER,124,TEMPORAL_COMPARISON_STATE,时间词进入比较、状态或时间读数判断时，常不是目标时间状语，应优先判为其他或复核。,时间词明确修饰动作事件发生时间时判为状语。,昨天不如今天凉快。,昨天我去了学校。,现代汉语比较句和状态谓语分析；标注指南边界案例,比较状态句；非目标时间用法,entry_or_chapter_locator_to_verify_before_submission,active,解决“今天和昨天都很热/比去年精神/都十二点了”等非目标用法。,HUANG_LIAO_MODERN_CHINESE|LIU_PAN_GU_PRACTICAL_GRAMMAR|PROJECT_ANNOTATION_GUIDE,kg_other_priority,Is the temporal word part of comparison/state judgment rather than modifying an event predicate?,marginal,medium
R_TEMP_KG_OTHER_03,抽象或非目标时间词优先,OTHER,123,ABSTRACT_OR_NON_TARGET_TIME,候选是抽象时间词、读数状态或非目标时间成分，不能作为时间状语教学例句。,候选明确限定动作事件发生时间时不适用。,时间过得很快。,今天我去了学校。,现代汉语时间名词和抽象名词边界；标注指南边界案例,抽象时间名词；非目标时间表达,entry_or_chapter_locator_to_verify_before_submission,active,用于拦截“时间/有时/中午”等无法可靠进入目标语法点的候选。,HUANG_LIAO_MODERN_CHINESE|LU_1999_800_WORDS|PROJECT_ANNOTATION_GUIDE,kg_other_priority,Is the candidate an abstract or non-target temporal expression rather than an adverbial modifier?,marginal,medium
R_TEMP_KG_ADV_01,频率时间词默认作状语,TEMPORAL_ADVERBIAL,79,TIME_FREQUENCY,每天、每周、经常、常常、有时等频率时间词通常修饰谓词或状态，缺少更强定语/补语/非目标证据时判为时间状语。,频率词进入名词短语内部或被非目标风险规则拦截时不适用。,他每天练习中文。,每年的学费很贵。,《现代汉语八百词》频率副词；《实用现代汉语语法》状语章节,频率副词；时间状语,entry_or_chapter_locator_to_verify_before_submission,active,低于定语、补语和OTHER强规则，只作为默认正向证据。,LU_1999_800_WORDS|LIU_PAN_GU_PRACTICAL_GRAMMAR|GRAMMAR_MANUAL_ELEMENTARY,kg_temporal_adverbial_default,Does the frequency expression modify the predicate when no stronger boundary evidence applies?,default,low
R_TEMP_KG_ADV_02,普通时间词默认作谓前状语,TEMPORAL_ADVERBIAL,72,TIME_NOUN,今天、明天、周末、上午、现在等普通时间词在缺少更强定语/补语/非目标证据时可作为时间状语默认证据。,后接“的”修饰名词、动后作补足或抽象非目标用法时不适用。,周末我去图书馆。,今天的会议很重要。,《现代汉语》状语章节；《实用现代汉语语法》时间词语说明,普通时间词；默认状语证据,entry_or_chapter_locator_to_verify_before_submission,active,用于覆盖“周末/明天/上午/现在”等谓词线索较弱但标注一致的教学例句。,HUANG_LIAO_MODERN_CHINESE|LIU_PAN_GU_PRACTICAL_GRAMMAR|GRAMMAR_MANUAL_ELEMENTARY,kg_temporal_adverbial_default,Does the temporal noun provide time background when no stronger boundary rule applies?,default,low
