method,sid,span,start_char,end_char,gold_label,predicted_label,exact_emitted,joint_correct,risk_score,ranking_score,routing_reason,review_rank
TAGKG-FlatRule-Adapter,SENT-0172,十年过去了,0,5,OTHER,MISSING,False,False,1.0,-1.0,MISSING_REGISTERED_KEY,1
TAGKG-FlatRule-Adapter,SENT-0422,十年,14,16,COMPLEMENT,TEMPORAL_ADVERBIAL,True,False,0.7938610747624022,0.20613892523759783,LOW_COMBINED_CONFIDENCE,2
TAGKG-FlatRule-Adapter,SENT-0410,八点,3,5,TEMPORAL_ADVERBIAL,OTHER,True,False,0.7335354744879059,0.2664645255120941,LOW_COMBINED_CONFIDENCE,3
TAGKG-FlatRule-Adapter,SENT-0172,十年,0,2,OTHER,COMPLEMENT,True,False,0.7327494643735472,0.26725053562645285,LOW_COMBINED_CONFIDENCE,4
TAGKG-FlatRule-Adapter,SENT-0051,昨天,3,5,OTHER,TEMPORAL_ADVERBIAL,True,False,0.708028988012837,0.291971011987163,LOW_COMBINED_CONFIDENCE,5
TAGKG-FlatRule-Adapter,SENT-0326,以后,10,12,OTHER,TEMPORAL_ADVERBIAL,True,False,0.6987987887542533,0.30120121124574667,LOW_COMBINED_CONFIDENCE,6
TAGKG-FlatRule-Adapter,SENT-0138,上午,4,6,COMPLEMENT,OTHER,True,False,0.6786148436673266,0.3213851563326734,LOW_COMBINED_CONFIDENCE,7
TAGKG-FlatRule-Adapter,SENT-0100,三点,6,8,TEMPORAL_ADVERBIAL,OTHER,True,False,0.6760004374305806,0.32399956256941936,LOW_COMBINED_CONFIDENCE,8
TAGKG-FlatRule-Adapter,SENT-0068,从去年以来,0,5,TEMPORAL_ADVERBIAL,TEMPORAL_ADVERBIAL,True,True,0.6071296492117062,0.39287035078829385,LOW_COMBINED_CONFIDENCE,9
TAGKG-FlatRule-Adapter,SENT-0437,去年,17,19,OTHER,TEMPORAL_ADVERBIAL,True,False,0.5942267382028031,0.40577326179719686,LOW_COMBINED_CONFIDENCE,10
TAGKG-FlatRule-Adapter,SENT-0346,后来,18,20,TEMPORAL_ADVERBIAL,TEMPORAL_ADVERBIAL,True,True,0.59368680914342,0.40631319085657996,LOW_COMBINED_CONFIDENCE,11
TAGKG-FlatRule-Adapter,SENT-0432,一年,10,12,COMPLEMENT,COMPLEMENT,True,True,0.5796675972748834,0.4203324027251166,LOW_COMBINED_CONFIDENCE,12
TAGKG-FlatRule-Adapter,SENT-0400,十二点,3,6,OTHER,OTHER,True,True,0.5784564567675783,0.42154354323242166,LOW_COMBINED_CONFIDENCE,13
TAGKG-FlatRule-Adapter,SENT-0171,到目前为止,0,5,OTHER,TEMPORAL_ADVERBIAL,True,False,0.5648718374629161,0.43512816253708386,LOW_COMBINED_CONFIDENCE,14
TAGKG-FlatRule-Adapter,SENT-0199,小时候,12,15,ATTRIBUTE,ATTRIBUTE,True,True,0.5507421940984802,0.4492578059015197,LOW_COMBINED_CONFIDENCE,15
TAGKG-FlatRule-Adapter,SENT-0202,现在,23,25,ATTRIBUTE,ATTRIBUTE,True,True,0.5503742563431353,0.4496257436568647,LOW_COMBINED_CONFIDENCE,16
TAGKG-FlatRule-Adapter,SENT-0362,晚上九点,0,4,OTHER,TEMPORAL_ADVERBIAL,True,False,0.5462547710829722,0.4537452289170278,LOW_COMBINED_CONFIDENCE,17
TAGKG-FlatRule-Adapter,SENT-0400,现在,0,2,TEMPORAL_ADVERBIAL,TEMPORAL_ADVERBIAL,True,True,0.5457377236573069,0.45426227634269317,LOW_COMBINED_CONFIDENCE,18
TAGKG-FlatRule-Adapter,SENT-0266,三四十分钟,8,13,COMPLEMENT,COMPLEMENT,True,True,0.5433538261322126,0.45664617386778744,LOW_COMBINED_CONFIDENCE,19
TAGKG-FlatRule-Adapter,SENT-0461,去年,5,7,TEMPORAL_ADVERBIAL,TEMPORAL_ADVERBIAL,True,True,0.5358168840987365,0.46418311590126343,LOW_COMBINED_CONFIDENCE,20
TAGKG-FlatRule-Adapter,SENT-0122,后来,7,9,TEMPORAL_ADVERBIAL,TEMPORAL_ADVERBIAL,True,True,0.5310307892766923,0.4689692107233077,LOW_COMBINED_CONFIDENCE,21
TAGKG-FlatRule-Adapter,SENT-0257,小时候,11,14,TEMPORAL_ADVERBIAL,TEMPORAL_ADVERBIAL,True,True,0.5302493734036493,0.4697506265963507,LOW_COMBINED_CONFIDENCE,22
TAGKG-FlatRule-Adapter,SENT-0373,平时,3,5,ATTRIBUTE,ATTRIBUTE,True,True,0.5265071491945859,0.4734928508054141,LOW_COMBINED_CONFIDENCE,23
TAGKG-FlatRule-Adapter,SENT-0350,今天,5,7,OTHER,TEMPORAL_ADVERBIAL,True,False,0.49813973379221466,0.5018602662077853,LOW_COMBINED_CONFIDENCE,24
TAGKG-FlatRule-Adapter,SENT-0064,今年年初以来,0,6,OTHER,TEMPORAL_ADVERBIAL,True,False,0.4820595252026669,0.5179404747973331,LOW_COMBINED_CONFIDENCE,25
TAGKG-FlatRule-Adapter,SENT-0127,以前,1,3,TEMPORAL_ADVERBIAL,TEMPORAL_ADVERBIAL,True,True,0.4670673579090273,0.5329326420909727,LOW_COMBINED_CONFIDENCE,26
TAGKG-FlatRule-Adapter,SENT-0358,今年,12,14,TEMPORAL_ADVERBIAL,TEMPORAL_ADVERBIAL,True,True,0.4618390190677062,0.5381609809322938,LOW_COMBINED_CONFIDENCE,27
TAGKG-FlatRule-Adapter,SENT-0431,过年过节的时候,0,7,TEMPORAL_ADVERBIAL,TEMPORAL_ADVERBIAL,True,True,0.45954725448727773,0.5404527455127223,LOW_COMBINED_CONFIDENCE,28
TAGKG-FlatRule-Adapter,SENT-0290,十年,7,9,COMPLEMENT,COMPLEMENT,True,True,0.4499620071978815,0.5500379928021185,LOW_COMBINED_CONFIDENCE,29
TAGKG-FlatRule-Adapter,SENT-0101,昨天,1,3,TEMPORAL_ADVERBIAL,TEMPORAL_ADVERBIAL,True,True,0.44688446651047775,0.5531155334895222,LOW_COMBINED_CONFIDENCE,30
TAGKG-FlatRule-Adapter,SENT-0446,20年,8,11,COMPLEMENT,COMPLEMENT,True,True,0.44208277234294735,0.5579172276570527,LOW_COMBINED_CONFIDENCE,31
TAGKG-FlatRule-Adapter,SENT-0309,昨天,4,6,TEMPORAL_ADVERBIAL,TEMPORAL_ADVERBIAL,True,True,0.44094476607044053,0.5590552339295595,LOW_COMBINED_CONFIDENCE,32
TAGKG-FlatRule-Adapter,SENT-0239,小的时候,0,4,TEMPORAL_ADVERBIAL,TEMPORAL_ADVERBIAL,True,True,0.44019490666066996,0.55980509333933,LOW_COMBINED_CONFIDENCE,33
TAGKG-FlatRule-Adapter,SENT-0405,目前,0,2,TEMPORAL_ADVERBIAL,TEMPORAL_ADVERBIAL,True,True,0.4394038825127754,0.5605961174872246,LOW_COMBINED_CONFIDENCE,34
TAGKG-FlatRule-Adapter,SENT-0112,十分钟,5,8,COMPLEMENT,COMPLEMENT,True,True,0.4358752021716771,0.5641247978283229,LOW_COMBINED_CONFIDENCE,35
TAGKG-FlatRule-Adapter,SENT-0437,今年,9,11,ATTRIBUTE,ATTRIBUTE,True,True,0.432125268831849,0.567874731168151,LOW_COMBINED_CONFIDENCE,36
TAGKG-FlatRule-Adapter,SENT-0280,现在,2,4,TEMPORAL_ADVERBIAL,TEMPORAL_ADVERBIAL,True,True,0.43109239271274513,0.5689076072872549,LOW_COMBINED_CONFIDENCE,37
TAGKG-FlatRule-Adapter,SENT-0191,现在,2,4,TEMPORAL_ADVERBIAL,TEMPORAL_ADVERBIAL,True,True,0.4278223092356247,0.5721776907643753,LOW_COMBINED_CONFIDENCE,38
TAGKG-FlatRule-Adapter,SENT-0269,下周,2,4,TEMPORAL_ADVERBIAL,TEMPORAL_ADVERBIAL,True,True,0.4267392083644307,0.5732607916355693,LOW_COMBINED_CONFIDENCE,39
TAGKG-FlatRule-Adapter,SENT-0310,半天,3,5,COMPLEMENT,COMPLEMENT,True,True,0.4248688599266395,0.5751311400733605,LOW_COMBINED_CONFIDENCE,40
TAGKG-FlatRule-Adapter,SENT-0101,今天,6,8,TEMPORAL_ADVERBIAL,TEMPORAL_ADVERBIAL,True,True,0.423717373571889,0.576282626428111,LOW_COMBINED_CONFIDENCE,41
TAGKG-FlatRule-Adapter,SENT-0007,上午,0,2,ATTRIBUTE,ATTRIBUTE,True,True,0.42003059255771436,0.5799694074422856,LOW_COMBINED_CONFIDENCE,42
TAGKG-FlatRule-Adapter,SENT-0321,已经,13,15,TEMPORAL_ADVERBIAL,TEMPORAL_ADVERBIAL,True,True,0.41233451689332845,0.5876654831066715,LOW_COMBINED_CONFIDENCE,43
TAGKG-FlatRule-Adapter,SENT-0386,去年,2,4,TEMPORAL_ADVERBIAL,TEMPORAL_ADVERBIAL,True,True,0.405078468351168,0.594921531648832,LOW_COMBINED_CONFIDENCE,44
TAGKG-FlatRule-Adapter,SENT-0381,已经,2,4,TEMPORAL_ADVERBIAL,TEMPORAL_ADVERBIAL,True,True,0.401077804907072,0.598922195092928,LOW_COMBINED_CONFIDENCE,45
TAGKG-FlatRule-Adapter,SENT-0358,今天,3,5,TEMPORAL_ADVERBIAL,TEMPORAL_ADVERBIAL,True,True,0.4008781549545384,0.5991218450454616,LOW_COMBINED_CONFIDENCE,46
TAGKG-FlatRule-Adapter,SENT-0421,昨天,2,4,TEMPORAL_ADVERBIAL,TEMPORAL_ADVERBIAL,True,True,0.39942687164279944,0.6005731283572006,LOW_COMBINED_CONFIDENCE,47
TAGKG-FlatRule-Adapter,SENT-0361,今天,2,4,TEMPORAL_ADVERBIAL,TEMPORAL_ADVERBIAL,True,True,0.39921813526610295,0.600781864733897,LOW_COMBINED_CONFIDENCE,48
TAGKG-FlatRule-Adapter,SENT-0135,明天,9,11,TEMPORAL_ADVERBIAL,TEMPORAL_ADVERBIAL,True,True,0.391787952083421,0.608212047916579,LOW_COMBINED_CONFIDENCE,49
TAGKG-FlatRule-Adapter,SENT-0196,现在,1,3,TEMPORAL_ADVERBIAL,TEMPORAL_ADVERBIAL,True,True,0.39099539858658705,0.609004601413413,LOW_COMBINED_CONFIDENCE,50
TAGKG-FlatRule-Adapter,SENT-0299,今天,3,5,TEMPORAL_ADVERBIAL,TEMPORAL_ADVERBIAL,True,True,0.38947832581190267,0.6105216741880973,LOW_COMBINED_CONFIDENCE,51
TAGKG-FlatRule-Adapter,SENT-0416,考试的时候,0,5,TEMPORAL_ADVERBIAL,TEMPORAL_ADVERBIAL,True,True,0.38738600366559817,0.6126139963344018,LOW_COMBINED_CONFIDENCE,52
TAGKG-FlatRule-Adapter,SENT-0186,周末的时候,0,5,OTHER,TEMPORAL_ADVERBIAL,True,False,0.38599556345904784,0.6140044365409522,LOW_COMBINED_CONFIDENCE,53
TAGKG-FlatRule-Adapter,SENT-0277,明天,2,4,TEMPORAL_ADVERBIAL,TEMPORAL_ADVERBIAL,True,True,0.3859656817131516,0.6140343182868484,LOW_COMBINED_CONFIDENCE,54
TAGKG-FlatRule-Adapter,SENT-0397,现在,0,2,TEMPORAL_ADVERBIAL,TEMPORAL_ADVERBIAL,True,True,0.38228957526452123,0.6177104247354788,LOW_COMBINED_CONFIDENCE,55
TAGKG-FlatRule-Adapter,SENT-0349,昨天,0,2,TEMPORAL_ADVERBIAL,TEMPORAL_ADVERBIAL,True,True,0.38118899539330275,0.6188110046066972,LOW_COMBINED_CONFIDENCE,56
TAGKG-FlatRule-Adapter,SENT-0311,今天,6,8,ATTRIBUTE,ATTRIBUTE,True,True,0.3794151533899891,0.6205848466100109,LOW_COMBINED_CONFIDENCE,57
TAGKG-FlatRule-Adapter,SENT-0393,现在,0,2,TEMPORAL_ADVERBIAL,TEMPORAL_ADVERBIAL,True,True,0.37509420397123183,0.6249057960287682,LOW_COMBINED_CONFIDENCE,58
TAGKG-FlatRule-Adapter,SENT-0134,晚上,10,12,TEMPORAL_ADVERBIAL,TEMPORAL_ADVERBIAL,True,True,0.3708280178197083,0.6291719821802917,LOW_COMBINED_CONFIDENCE,59
TAGKG-FlatRule-Adapter,SENT-0322,放假的时候,0,5,TEMPORAL_ADVERBIAL,TEMPORAL_ADVERBIAL,True,True,0.36319615842020714,0.6368038415797929,LOW_COMBINED_CONFIDENCE,60
TAGKG-FlatRule-Adapter,SENT-0263,今天,1,3,TEMPORAL_ADVERBIAL,TEMPORAL_ADVERBIAL,True,True,0.3619038421909694,0.6380961578090306,LOW_COMBINED_CONFIDENCE,61
TAGKG-FlatRule-Adapter,SENT-0004,今天,3,5,TEMPORAL_ADVERBIAL,TEMPORAL_ADVERBIAL,True,True,0.36087476569997257,0.6391252343000274,LOW_COMBINED_CONFIDENCE,62
TAGKG-FlatRule-Adapter,SENT-0183,今天,6,8,TEMPORAL_ADVERBIAL,TEMPORAL_ADVERBIAL,True,True,0.35128884345548217,0.6487111565445178,LOW_COMBINED_CONFIDENCE,63
TAGKG-FlatRule-Adapter,SENT-0147,现在,3,5,TEMPORAL_ADVERBIAL,TEMPORAL_ADVERBIAL,True,True,0.3510917628251561,0.6489082371748439,LOW_COMBINED_CONFIDENCE,64
TAGKG-FlatRule-Adapter,SENT-0396,现在,0,2,TEMPORAL_ADVERBIAL,TEMPORAL_ADVERBIAL,True,True,0.3442139010581694,0.6557860989418306,LOW_COMBINED_CONFIDENCE,65
TAGKG-FlatRule-Adapter,SENT-0087,今年,2,4,ATTRIBUTE,ATTRIBUTE,True,True,0.34200803002123226,0.6579919699787677,LOW_COMBINED_CONFIDENCE,66
TAGKG-FlatRule-Adapter,SENT-0193,今天,8,10,TEMPORAL_ADVERBIAL,TEMPORAL_ADVERBIAL,True,True,0.34169310731586044,0.6583068926841396,LOW_COMBINED_CONFIDENCE,67
TAGKG-FlatRule-Adapter,SENT-0106,正在,1,3,TEMPORAL_ADVERBIAL,TEMPORAL_ADVERBIAL,True,True,0.34165905051487466,0.6583409494851253,LOW_COMBINED_CONFIDENCE,68
TAGKG-FlatRule-Adapter,SENT-0102,晚上,1,3,TEMPORAL_ADVERBIAL,TEMPORAL_ADVERBIAL,True,True,0.34139624489976395,0.658603755100236,LOW_COMBINED_CONFIDENCE,69
TAGKG-FlatRule-Adapter,SENT-0238,明天,6,8,TEMPORAL_ADVERBIAL,TEMPORAL_ADVERBIAL,True,True,0.3361010176838032,0.6638989823161968,LOW_COMBINED_CONFIDENCE,70
TAGKG-FlatRule-Adapter,SENT-0058,今天,0,2,ATTRIBUTE,ATTRIBUTE,True,True,0.33305562401392785,0.6669443759860721,LOW_COMBINED_CONFIDENCE,71
TAGKG-FlatRule-Adapter,SENT-0446,已经,4,6,TEMPORAL_ADVERBIAL,TEMPORAL_ADVERBIAL,True,True,0.3254871023191541,0.6745128976808459,LOW_COMBINED_CONFIDENCE,72
TAGKG-FlatRule-Adapter,SENT-0246,已经,0,2,TEMPORAL_ADVERBIAL,TEMPORAL_ADVERBIAL,True,True,0.3217687800435768,0.6782312199564232,LOW_COMBINED_CONFIDENCE,73
TAGKG-FlatRule-Adapter,SENT-0189,明天,2,4,TEMPORAL_ADVERBIAL,TEMPORAL_ADVERBIAL,True,True,0.321377390547551,0.678622609452449,LOW_COMBINED_CONFIDENCE,74
TAGKG-FlatRule-Adapter,SENT-0140,现在,3,5,TEMPORAL_ADVERBIAL,TEMPORAL_ADVERBIAL,True,True,0.32028766698424715,0.6797123330157528,LOW_COMBINED_CONFIDENCE,75
TAGKG-FlatRule-Adapter,SENT-0243,正在,7,9,TEMPORAL_ADVERBIAL,TEMPORAL_ADVERBIAL,True,True,0.31966594928905434,0.6803340507109457,LOW_COMBINED_CONFIDENCE,76
TAGKG-FlatRule-Adapter,SENT-0115,有时,4,6,TEMPORAL_ADVERBIAL,TEMPORAL_ADVERBIAL,True,True,0.31701351944020184,0.6829864805597982,LOW_COMBINED_CONFIDENCE,77
TAGKG-FlatRule-Adapter,SENT-0086,周末,1,3,TEMPORAL_ADVERBIAL,TEMPORAL_ADVERBIAL,True,True,0.3151383653094273,0.6848616346905727,LOW_COMBINED_CONFIDENCE,78
TAGKG-FlatRule-Adapter,SENT-0415,经常,2,4,TEMPORAL_ADVERBIAL,TEMPORAL_ADVERBIAL,True,True,0.3140150676392931,0.6859849323607069,LOW_COMBINED_CONFIDENCE,79
TAGKG-FlatRule-Adapter,SENT-0107,正在,1,3,TEMPORAL_ADVERBIAL,TEMPORAL_ADVERBIAL,True,True,0.31343504910425113,0.6865649508957489,LOW_COMBINED_CONFIDENCE,80
TAGKG-FlatRule-Adapter,SENT-0228,经常,7,9,TEMPORAL_ADVERBIAL,TEMPORAL_ADVERBIAL,True,True,0.31321770313563935,0.6867822968643607,LOW_COMBINED_CONFIDENCE,81
TAGKG-FlatRule-Adapter,SENT-0104,曾经,1,3,TEMPORAL_ADVERBIAL,TEMPORAL_ADVERBIAL,True,True,0.3111534672963773,0.6888465327036227,LOW_COMBINED_CONFIDENCE,82
TAGKG-FlatRule-Adapter,SENT-0047,今天,0,2,TEMPORAL_ADVERBIAL,TEMPORAL_ADVERBIAL,True,True,0.3092100755389563,0.6907899244610437,LOW_COMBINED_CONFIDENCE,83
TAGKG-FlatRule-Adapter,SENT-0330,早上,0,2,TEMPORAL_ADVERBIAL,TEMPORAL_ADVERBIAL,True,True,0.3057756752497247,0.6942243247502753,LOW_COMBINED_CONFIDENCE,84
TAGKG-FlatRule-Adapter,SENT-0302,每天,7,9,TEMPORAL_ADVERBIAL,TEMPORAL_ADVERBIAL,True,True,0.3049166172374397,0.6950833827625603,LOW_COMBINED_CONFIDENCE,85
TAGKG-FlatRule-Adapter,SENT-0433,经常,1,3,TEMPORAL_ADVERBIAL,TEMPORAL_ADVERBIAL,True,True,0.30368803674130407,0.6963119632586959,LOW_COMBINED_CONFIDENCE,86
TAGKG-FlatRule-Adapter,SENT-0061,今天,0,2,TEMPORAL_ADVERBIAL,TEMPORAL_ADVERBIAL,True,True,0.3030631096390285,0.6969368903609715,LOW_COMBINED_CONFIDENCE,87
TAGKG-FlatRule-Adapter,SENT-0340,明天,0,2,OTHER,TEMPORAL_ADVERBIAL,True,False,0.2921933720257647,0.7078066279742353,LOW_COMBINED_CONFIDENCE,88
TAGKG-FlatRule-Adapter,SENT-0093,常常,1,3,TEMPORAL_ADVERBIAL,TEMPORAL_ADVERBIAL,True,True,0.29199561445891675,0.7080043855410832,LOW_COMBINED_CONFIDENCE,89
TAGKG-FlatRule-Adapter,SENT-0125,今天,1,3,TEMPORAL_ADVERBIAL,TEMPORAL_ADVERBIAL,True,True,0.28831445665069977,0.7116855433493002,LOW_COMBINED_CONFIDENCE,90
TAGKG-FlatRule-Adapter,SENT-0121,经常,1,3,TEMPORAL_ADVERBIAL,TEMPORAL_ADVERBIAL,True,True,0.2864864711138976,0.7135135288861024,LOW_COMBINED_CONFIDENCE,91
TAGKG-FlatRule-Adapter,SENT-0332,明天,0,2,TEMPORAL_ADVERBIAL,TEMPORAL_ADVERBIAL,True,True,0.28090095673392834,0.7190990432660717,LOW_COMBINED_CONFIDENCE,92
TAGKG-FlatRule-Adapter,SENT-0430,马上,5,7,TEMPORAL_ADVERBIAL,TEMPORAL_ADVERBIAL,True,True,0.2791998885717436,0.7208001114282564,LOW_COMBINED_CONFIDENCE,93
TAGKG-FlatRule-Adapter,SENT-0130,马上,7,9,TEMPORAL_ADVERBIAL,TEMPORAL_ADVERBIAL,True,True,0.2780461904164204,0.7219538095835796,LOW_COMBINED_CONFIDENCE,94
TAGKG-FlatRule-Adapter,SENT-0342,明天,0,2,TEMPORAL_ADVERBIAL,TEMPORAL_ADVERBIAL,True,True,0.26080753473922513,0.7391924652607749,LOW_COMBINED_CONFIDENCE,95
TAGKG-FlatRule-Adapter,SENT-0467,马上,0,2,TEMPORAL_ADVERBIAL,TEMPORAL_ADVERBIAL,True,True,0.26008603950428,0.73991396049572,LOW_COMBINED_CONFIDENCE,96
