run,seed,method,label,support,tp,fp,fn,precision,recall,f1
seed_20260621,20260621,Local-NoInjection,TEMPORAL_ADVERBIAL,67,66,24,1,0.7333333333333333,0.9850746268656716,0.8407643312101911
seed_20260621,20260621,Local-NoInjection,ATTRIBUTE,8,2,0,6,1.0,0.25,0.4
seed_20260621,20260621,Local-NoInjection,COMPLEMENT,9,1,0,8,1.0,0.1111111111111111,0.19999999999999998
seed_20260621,20260621,Local-NoInjection,OTHER,13,1,0,12,1.0,0.07692307692307693,0.14285714285714288
seed_20260621,20260621,TAGKG-FlatRule-Adapter,TEMPORAL_ADVERBIAL,67,65,11,2,0.8552631578947368,0.9701492537313433,0.9090909090909092
seed_20260621,20260621,TAGKG-FlatRule-Adapter,ATTRIBUTE,8,7,1,1,0.875,0.875,0.875
seed_20260621,20260621,TAGKG-FlatRule-Adapter,COMPLEMENT,9,6,1,3,0.8571428571428571,0.6666666666666666,0.75
seed_20260621,20260621,TAGKG-FlatRule-Adapter,OTHER,13,2,1,11,0.6666666666666666,0.15384615384615385,0.25
seed_20260621,20260621,TAGKG-TrainOnly-Reranker,TEMPORAL_ADVERBIAL,67,66,14,1,0.825,0.9850746268656716,0.8979591836734693
seed_20260621,20260621,TAGKG-TrainOnly-Reranker,ATTRIBUTE,8,8,0,0,1.0,1.0,1.0
seed_20260621,20260621,TAGKG-TrainOnly-Reranker,COMPLEMENT,9,6,0,3,1.0,0.6666666666666666,0.8
seed_20260621,20260621,TAGKG-TrainOnly-Reranker,OTHER,13,0,0,13,0.0,0.0,0.0
seed_20260622,20260622,Local-NoInjection,TEMPORAL_ADVERBIAL,67,66,18,1,0.7857142857142857,0.9850746268656716,0.8741721854304635
seed_20260622,20260622,Local-NoInjection,ATTRIBUTE,7,1,0,6,1.0,0.14285714285714285,0.25
seed_20260622,20260622,Local-NoInjection,COMPLEMENT,8,2,0,6,1.0,0.25,0.4
seed_20260622,20260622,Local-NoInjection,OTHER,12,0,0,12,0.0,0.0,0.0
seed_20260622,20260622,TAGKG-FlatRule-Adapter,TEMPORAL_ADVERBIAL,67,66,7,1,0.9041095890410958,0.9850746268656716,0.9428571428571428
seed_20260622,20260622,TAGKG-FlatRule-Adapter,ATTRIBUTE,7,7,1,0,0.875,1.0,0.9333333333333333
seed_20260622,20260622,TAGKG-FlatRule-Adapter,COMPLEMENT,8,5,1,3,0.8333333333333334,0.625,0.7142857142857143
seed_20260622,20260622,TAGKG-FlatRule-Adapter,OTHER,12,0,0,12,0.0,0.0,0.0
seed_20260622,20260622,TAGKG-TrainOnly-Reranker,TEMPORAL_ADVERBIAL,67,66,9,1,0.88,0.9850746268656716,0.9295774647887323
seed_20260622,20260622,TAGKG-TrainOnly-Reranker,ATTRIBUTE,7,6,0,1,1.0,0.8571428571428571,0.923076923076923
seed_20260622,20260622,TAGKG-TrainOnly-Reranker,COMPLEMENT,8,6,0,2,1.0,0.75,0.8571428571428571
seed_20260622,20260622,TAGKG-TrainOnly-Reranker,OTHER,12,0,0,12,0.0,0.0,0.0
seed_20260623,20260623,Local-NoInjection,TEMPORAL_ADVERBIAL,67,67,22,0,0.7528089887640449,1.0,0.858974358974359
seed_20260623,20260623,Local-NoInjection,ATTRIBUTE,7,1,0,6,1.0,0.14285714285714285,0.25
seed_20260623,20260623,Local-NoInjection,COMPLEMENT,8,2,0,6,1.0,0.25,0.4
seed_20260623,20260623,Local-NoInjection,OTHER,12,0,0,12,0.0,0.0,0.0
seed_20260623,20260623,TAGKG-FlatRule-Adapter,TEMPORAL_ADVERBIAL,67,66,7,1,0.9041095890410958,0.9850746268656716,0.9428571428571428
seed_20260623,20260623,TAGKG-FlatRule-Adapter,ATTRIBUTE,7,7,0,0,1.0,1.0,1.0
seed_20260623,20260623,TAGKG-FlatRule-Adapter,COMPLEMENT,8,8,2,0,0.8,1.0,0.888888888888889
seed_20260623,20260623,TAGKG-FlatRule-Adapter,OTHER,12,2,0,10,1.0,0.16666666666666666,0.2857142857142857
seed_20260623,20260623,TAGKG-TrainOnly-Reranker,TEMPORAL_ADVERBIAL,67,67,9,0,0.881578947368421,1.0,0.9370629370629371
seed_20260623,20260623,TAGKG-TrainOnly-Reranker,ATTRIBUTE,7,7,0,0,1.0,1.0,1.0
seed_20260623,20260623,TAGKG-TrainOnly-Reranker,COMPLEMENT,8,8,1,0,0.8888888888888888,1.0,0.9411764705882353
seed_20260623,20260623,TAGKG-TrainOnly-Reranker,OTHER,12,0,0,12,0.0,0.0,0.0
seed_20260624,20260624,Local-NoInjection,TEMPORAL_ADVERBIAL,66,65,21,1,0.7558139534883721,0.9848484848484849,0.8552631578947368
seed_20260624,20260624,Local-NoInjection,ATTRIBUTE,8,3,0,5,1.0,0.375,0.5454545454545454
seed_20260624,20260624,Local-NoInjection,COMPLEMENT,8,0,1,8,0.0,0.0,0.0
seed_20260624,20260624,Local-NoInjection,OTHER,12,0,0,12,0.0,0.0,0.0
seed_20260624,20260624,TAGKG-FlatRule-Adapter,TEMPORAL_ADVERBIAL,66,64,7,2,0.9014084507042254,0.9696969696969697,0.9343065693430657
seed_20260624,20260624,TAGKG-FlatRule-Adapter,ATTRIBUTE,8,8,0,0,1.0,1.0,1.0
seed_20260624,20260624,TAGKG-FlatRule-Adapter,COMPLEMENT,8,7,2,1,0.7777777777777778,0.875,0.823529411764706
seed_20260624,20260624,TAGKG-FlatRule-Adapter,OTHER,12,1,1,11,0.5,0.08333333333333333,0.14285714285714285
seed_20260624,20260624,TAGKG-TrainOnly-Reranker,TEMPORAL_ADVERBIAL,66,65,11,1,0.8552631578947368,0.9848484848484849,0.9154929577464789
seed_20260624,20260624,TAGKG-TrainOnly-Reranker,ATTRIBUTE,8,8,0,0,1.0,1.0,1.0
seed_20260624,20260624,TAGKG-TrainOnly-Reranker,COMPLEMENT,8,5,2,3,0.7142857142857143,0.625,0.6666666666666666
seed_20260624,20260624,TAGKG-TrainOnly-Reranker,OTHER,12,0,0,12,0.0,0.0,0.0
seed_20260625,20260625,Local-NoInjection,TEMPORAL_ADVERBIAL,67,65,24,2,0.7303370786516854,0.9701492537313433,0.8333333333333333
seed_20260625,20260625,Local-NoInjection,ATTRIBUTE,8,1,0,7,1.0,0.125,0.2222222222222222
seed_20260625,20260625,Local-NoInjection,COMPLEMENT,10,1,1,9,0.5,0.1,0.16666666666666669
seed_20260625,20260625,Local-NoInjection,OTHER,11,0,0,11,0.0,0.0,0.0
seed_20260625,20260625,TAGKG-FlatRule-Adapter,TEMPORAL_ADVERBIAL,67,63,6,4,0.9130434782608695,0.9402985074626866,0.9264705882352942
seed_20260625,20260625,TAGKG-FlatRule-Adapter,ATTRIBUTE,8,7,0,1,1.0,0.875,0.9333333333333333
seed_20260625,20260625,TAGKG-FlatRule-Adapter,COMPLEMENT,10,9,4,1,0.6923076923076923,0.9,0.7826086956521738
seed_20260625,20260625,TAGKG-FlatRule-Adapter,OTHER,11,2,1,9,0.6666666666666666,0.18181818181818182,0.28571428571428575
seed_20260625,20260625,TAGKG-TrainOnly-Reranker,TEMPORAL_ADVERBIAL,67,65,14,2,0.8227848101265823,0.9701492537313433,0.8904109589041096
seed_20260625,20260625,TAGKG-TrainOnly-Reranker,ATTRIBUTE,8,6,0,2,1.0,0.75,0.8571428571428571
seed_20260625,20260625,TAGKG-TrainOnly-Reranker,COMPLEMENT,10,6,1,4,0.8571428571428571,0.6,0.7058823529411764
seed_20260625,20260625,TAGKG-TrainOnly-Reranker,OTHER,11,0,0,11,0.0,0.0,0.0
