run,seed,method,n_registered_gold_candidates,n_raw_predictions,n_registered_candidates_matched,n_unmatched_predictions_logged,registered_exact_span_recall,conditional_label_acc,conditional_label_macro_f1,registered_labeled_candidate_recall,macro_labeled_recall,sensitivity_candidate_label_micro_precision,sensitivity_candidate_label_micro_recall,sensitivity_candidate_label_micro_f1,sensitivity_candidate_label_macro_f1,sensitivity_open_span_precision,sensitivity_open_span_recall,sensitivity_open_span_f1,historical_function_acc,historical_macro_f1
seed_20260621,20260621,Local-NoInjection,97,112,94,18,0.9690721649484536,0.7446808510638298,0.4032051282051282,0.7216494845360825,0.3557772037249649,0.7446808510638298,0.7216494845360825,0.7329842931937173,0.3959053685168335,0.8392857142857143,0.9690721649484536,0.8995215311004785,0.7216494845360825,0.4484263769201949
seed_20260621,20260621,TAGKG-FlatRule-Adapter,97,112,94,18,0.9690721649484536,0.851063829787234,0.7065518108651911,0.8247422680412371,0.6664155185610409,0.851063829787234,0.8247422680412371,0.8376963350785339,0.6960227272727273,0.8392857142857143,0.9690721649484536,0.8995215311004785,0.8247422680412371,0.7387858851674641
seed_20260621,20260621,TAGKG-TrainOnly-Reranker,97,112,94,18,0.9690721649484536,0.851063829787234,0.6760273972602739,0.8247422680412371,0.6629353233830846,0.851063829787234,0.8247422680412371,0.8376963350785339,0.6744897959183673,0.8392857142857143,0.9690721649484536,0.8995215311004785,0.8247422680412371,0.7369897959183673
seed_20260622,20260622,Local-NoInjection,94,104,87,17,0.925531914893617,0.7931034482758621,0.38249999999999995,0.7340425531914894,0.3444829424307036,0.7931034482758621,0.7340425531914894,0.7624309392265194,0.3810430463576159,0.8365384615384616,0.925531914893617,0.8787878787878788,0.7340425531914894,0.5389377831997211
seed_20260622,20260622,TAGKG-FlatRule-Adapter,94,104,87,17,0.925531914893617,0.896551724137931,0.649314833847208,0.8297872340425532,0.6525186567164178,0.896551724137931,0.8297872340425532,0.861878453038674,0.6476190476190476,0.8365384615384616,0.925531914893617,0.8787878787878788,0.8297872340425532,0.8055137844611528
seed_20260622,20260622,TAGKG-TrainOnly-Reranker,94,104,87,17,0.925531914893617,0.896551724137931,0.6790974982464344,0.8297872340425532,0.6480543710021321,0.896551724137931,0.8297872340425532,0.861878453038674,0.6774493112521282,0.8365384615384616,0.925531914893617,0.8787878787878788,0.8297872340425532,0.8353440480942333
seed_20260623,20260623,Local-NoInjection,94,111,92,19,0.9787234042553191,0.7608695652173914,0.37724358974358974,0.7446808510638298,0.3482142857142857,0.7608695652173914,0.7446808510638298,0.7526881720430109,0.37724358974358974,0.8288288288288288,0.9787234042553191,0.8975609756097561,0.7446808510638298,0.44867216117216113
seed_20260623,20260623,TAGKG-FlatRule-Adapter,94,111,92,19,0.9787234042553191,0.9021739130434783,0.7912698412698412,0.8829787234042553,0.7879353233830845,0.9021739130434783,0.8829787234042553,0.8924731182795699,0.7793650793650794,0.8288288288288288,0.9787234042553191,0.8975609756097561,0.8829787234042553,0.8329365079365079
seed_20260623,20260623,TAGKG-TrainOnly-Reranker,94,111,92,19,0.9787234042553191,0.8913043478260869,0.719559851912793,0.8723404255319149,0.75,0.8913043478260869,0.8723404255319149,0.8817204301075269,0.719559851912793,0.8288288288288288,0.9787234042553191,0.8975609756097561,0.8723404255319149,0.7909884233413644
seed_20260624,20260624,Local-NoInjection,94,108,90,18,0.9574468085106383,0.7555555555555555,0.35159542444310654,0.723404255319149,0.3399621212121212,0.7555555555555555,0.723404255319149,0.7391304347826088,0.35017942583732053,0.8333333333333334,0.9574468085106383,0.8910891089108911,0.723404255319149,0.41267942583732053
seed_20260624,20260624,TAGKG-FlatRule-Adapter,94,108,90,18,0.9574468085106383,0.8888888888888888,0.7457107843137255,0.851063829787234,0.7320075757575758,0.8888888888888888,0.851063829787234,0.8695652173913044,0.7251732809912286,0.8333333333333334,0.9574468085106383,0.8910891089108911,0.851063829787234,0.7727923286102762
seed_20260624,20260624,TAGKG-TrainOnly-Reranker,94,110,91,19,0.9680851063829787,0.8571428571428571,0.6471631205673759,0.8297872340425532,0.6524621212121212,0.8571428571428571,0.8297872340425532,0.8432432432432433,0.6455399061032864,0.8272727272727273,0.9680851063829787,0.8921568627450982,0.8297872340425532,0.712206572769953
seed_20260625,20260625,Local-NoInjection,96,110,92,18,0.9583333333333334,0.7282608695652174,0.3082611832611833,0.6979166666666666,0.2987873134328358,0.7282608695652174,0.6979166666666666,0.7127659574468085,0.3055555555555555,0.8363636363636363,0.9583333333333334,0.8932038834951457,0.6979166666666666,0.37222222222222223
seed_20260625,20260625,TAGKG-FlatRule-Adapter,96,110,92,18,0.9583333333333334,0.8804347826086957,0.7473934674453818,0.84375,0.7242791723202171,0.8804347826086957,0.84375,0.8617021276595744,0.7320317257337717,0.8363636363636363,0.9583333333333334,0.8932038834951457,0.84375,0.7717142654163114
seed_20260625,20260625,TAGKG-TrainOnly-Reranker,96,110,92,18,0.9583333333333334,0.8369565217391305,0.6164507469654529,0.8020833333333334,0.5800373134328358,0.8369565217391305,0.8020833333333334,0.8191489361702128,0.6133590422470359,0.8363636363636363,0.9583333333333334,0.8932038834951457,0.8020833333333334,0.6800257089137025
